frec_r,frec_g,frec_b,distancia_real_cm,balon_presente,score_naranja_objetivo,etiqueta_naranja
103.83925586221721,92.24112104337713,113.75582427264904,47.44665378629405,0,0.31365130026385246,0
123.09050872375188,90.67394264485856,115.22041256417724,114.28285954355027,1,0.3090185435805224,0
132.43974675379658,98.69501664216598,100.86563093315877,88.91129725012298,1,0.3377296965269691,0
152.34938599565027,98.90929532253851,86.75341025429822,73.44438416685625,1,0.3881424412346981,0
209.30367782201077,118.1158847542121,54.33778506585965,22.098162291322637,1,0.5122938145968471,1
106.01240574151376,89.12849035363786,126.25192304795875,22.095364358999507,0,0.28962140864440084,0
120.32540000762572,100.97808999260849,110.24054318048107,10.737699011511138,0,0.3064263431143,0
128.19659183519977,90.91549021112536,103.55780645566621,104.47643290989248,1,0.3478645787226719,0
158.34763614248507,100.77752559860645,82.45840339540288,73.72934136221222,1,0.4108085072063773,0
102.85928199895409,84.14242065630047,76.71044257205821,86.13641902434128,0,0.3563143595236659,0
208.20000405869928,148.15417981442704,61.0663017606913,6.387801338313084,1,0.5089811171426976,1
126.30120264671993,78.79562520539298,117.29833019652305,116.50954285079135,1,0.2934412323944096,0
132.40649661272522,89.28680964593913,119.1398734487714,100.56334633284892,1,0.3010865237578273,0
93.57136422211455,111.40456588932628,88.81862966682633,28.631336838680035,0,0.3406592425778401,0
117.44622513334372,108.82917323283287,126.05947753953907,25.091696196023673,0,0.29765546796912057,0
198.98894220598888,127.22742820788542,70.11871048069084,25.274923142998322,1,0.488846657548642,0
183.76549605636546,127.91872198564496,88.19266246970864,39.292100183306374,1,0.4412465419245189,0
81.27770154896066,95.32603483224864,99.53384638291311,64.8717460693396,0,0.27231357452717553,0
78.61604350260312,83.28737786557902,140.06457375436244,54.10562216248543,0,0.20971748860330108,0
185.5544282084656,114.0329165255327,78.2680072648266,37.782580262972864,1,0.4520914442439624,0
101.2211359855674,109.46618330617771,94.67121857862945,74.97493578779601,0,0.32422900998303006,0
215.97143750100702,136.90959935217694,67.86333858213453,20.18128783563685,1,0.47065403109160253,0
192.91337289179216,106.00706943974794,74.31184925519557,37.888779230085305,1,0.45500200713589145,0
94.70098933868726,98.30494141470177,122.93679698738543,46.49797382206824,0,0.22950640137900677,0
178.1555367617724,109.92035627338386,78.60140888229535,56.904118169176165,1,0.463403928535126,0
138.0957678139606,100.20965942601026,105.99642121890219,95.08041152158958,1,0.30664629812296756,0
206.74986482538503,119.10022745965982,69.76005109147063,27.16215873036973,1,0.479574656531034,0
169.91447515760228,100.23377351812361,83.83853016939166,63.65119485597894,1,0.38130673288598615,0
89.50709178501623,94.91658332008372,94.0568756891789,72.72008998799693,0,0.2796704515346593,0
215.75819551021576,131.06042423641944,67.23630208622077,9.388247875519736,1,0.487400650011505,0
119.13099478541963,98.4511060673123,97.0610429536624,74.47520282056685,0,0.3562862579294286,0
191.16852829228338,120.98906817195237,78.86397004072163,23.780798347725817,1,0.46032655352225765,0
200.82694596023055,121.47150154190139,55.34246007648753,11.545984786292424,1,0.49763675167448335,0
126.08460949028745,76.31197016431312,124.54845776115644,114.07072232138665,1,0.3035850072465364,0
102.71748321161365,84.0772516576639,132.74415261368705,116.01331583664889,0,0.23805275636102965,0
156.3719908516165,96.30194173404185,99.43176080458886,97.77409238150949,1,0.3805313467554078,0
101.3900248328487,100.37009866170632,96.63496614604377,39.335197224111,0,0.2911793907408173,0
211.23178477893856,120.48124732764593,71.09829761613295,15.32996522474053,1,0.47135368931144944,0
107.05778431461985,83.96564879778245,129.3788592828191,83.3710310754102,0,0.23861684203052413,0
169.7772018739664,98.97247549845042,84.06707106560005,55.05768927379375,1,0.426387113918829,0
85.94737514333684,105.76882029851234,81.59603776358766,18.156435241994345,0,0.31797304758515327,0
102.99278854781699,72.9544493717543,127.01871061593681,61.44052157290734,0,0.2656652018740325,0
112.9658277584679,93.76299670592863,110.17316806701301,7.989068449365334,0,0.3050037046036311,0
97.6908696646754,101.69050347511283,132.43517353158185,109.48116664113871,0,0.19776626345249906,0
103.03859993913538,92.04098368215466,135.71633964411217,34.018477865601966,0,0.24134392052309983,0
158.60612789472202,113.83841224458816,108.14889541091944,80.85258498506191,1,0.3460322372638205,0
177.95265177210516,123.70835330731524,72.87585253438057,40.15848482637167,1,0.439358177747679,0
168.3073995323675,100.42390512812533,94.3333229313934,64.32789045662605,1,0.3913695356065977,0
82.17344594831535,87.79646526810978,120.51007345347895,67.41839240382043,0,0.2127995955019916,0
191.44232589984102,123.38108681338863,79.99475344846157,25.443116840961135,1,0.4314995473725603,0
82.08794464005442,90.68749484694308,95.35055419506381,116.47181682068879,0,0.27658105277110273,0
139.44912663338474,89.05148699717097,104.52302756993711,93.91540750988929,1,0.3266300546488337,0
134.65611272878363,95.27654352983475,109.40664929650082,112.98187722144594,1,0.3383898681897058,0
145.83346909242536,85.73967312694873,116.1348460479945,107.79997264960727,1,0.36751925672561525,0
81.36805762552643,96.26637093312355,108.76641355230844,73.35639754208587,0,0.2278629022797933,0
131.52575106699086,93.4674266916959,106.05523068079245,110.93741126268155,1,0.33039941980112975,0
204.38990781407404,133.68588512959852,57.24359397807103,14.265130238022662,1,0.4675956554698285,0
196.87406979838286,138.09010829948198,70.23335854717864,26.734012040620843,1,0.4685028926264867,0
233.44944218145093,118.1345360767601,74.8458142345144,9.246365513622415,1,0.5057590577225254,1
173.19430539905656,119.24056840736353,87.15547269671148,41.738318368538664,1,0.43259331228762515,0
181.12444595530667,108.7239291919528,74.7117169474634,49.08656560397991,1,0.4564368752768195,0
108.49959504946891,97.83067628177218,124.22186775298762,35.47648768577193,0,0.281573144234359,0
145.2416647148283,82.15649149327231,114.81733118433398,100.1335510616238,1,0.3730988898133508,0
182.9643769807202,104.14184185893892,72.85126720257102,45.38338589645635,1,0.48733036074772973,0
191.97406837958601,110.84822506643354,80.3347520305398,36.58840312373617,1,0.4458093815707909,0
161.07285675532833,105.44546870229279,86.37417658055928,66.95274564635682,1,0.38947544470246154,0
205.1970071157338,117.88222734782934,80.64511909947666,20.347210097072466,1,0.4573847502649299,0
136.37542032313021,98.2178117445932,99.09049921612463,97.0548497674686,1,0.3414023800705083,0
214.4326795631372,132.44530932773537,73.80047326708195,12.647874666853415,1,0.4878600326570475,0
118.31071344026759,89.767461046595,115.59683270768339,118.47888464566,1,0.2784943568218482,0
103.33772570980669,73.32463014423571,84.6560905413109,93.58039323841226,0,0.3303163591380998,0
103.50424945420441,117.54359164642405,104.71149465763395,27.051019057963998,0,0.31465637389172113,0
104.72450517750299,92.38200831613881,108.13943138496818,4.640565586337878,0,0.28773362733858304,0
137.42757879399147,102.57106345698308,103.64473769764415,98.59352570076076,1,0.33464677805744575,0
134.15286368240862,93.51561189338668,101.14292455848125,85.99545188632358,1,0.36549840459984684,0
156.29134576174982,103.16111768801605,92.71582964001509,88.56483149275452,1,0.365044254790124,0
134.86467474679094,105.9658794350471,95.21835289213506,93.46736021556971,1,0.3572701937795756,0
115.08901612278468,97.11220669027938,118.7288522107012,12.589179601154482,0,0.28734360751090443,0
177.24968922170572,102.4336291161716,84.83174259747041,45.58202451113562,1,0.43183583148653604,0
216.46149565793732,117.0322107450883,67.02951757537058,17.440810904915047,1,0.5017377431702941,1
116.14794178686304,100.21421224260763,113.18307752402158,104.11999740156885,1,0.30971963261221785,0
97.76531340720695,80.36404770305452,98.99374482682305,76.30258271199672,0,0.29052995344601984,0
193.12831207010566,114.66295066350492,76.93453390172371,42.384170882907306,1,0.4552942603428025,0
212.30860411871765,131.04698267570325,76.7476621973593,11.372768633178742,1,0.4681538028064769,0
186.16589022922236,119.84652903993096,78.84548168079478,40.07394931901682,1,0.4409094332134476,0
187.51671146960905,116.30612417853473,80.00643422319772,41.72126535510266,1,0.4613200064888773,0
150.3070488543552,95.30145264375096,116.76568791674792,88.63431668721543,1,0.3306588569516638,0
160.19783578992985,98.57757087592174,85.93474373277743,77.95666667720472,1,0.4240874039784367,0
135.34760394564935,95.9115374749692,114.57849004680281,106.91667813885388,1,0.3249146416479079,0
171.73586935105357,111.83363747292977,98.58733081310034,58.77693131878612,1,0.39135224119486717,0
203.5271821968389,121.49655029735935,65.91775525689656,17.872932528843,1,0.4994902331216813,0
146.50948429921573,105.0486379467517,105.77159669533982,86.73639531786742,1,0.34588908635615495,0
141.5648457242118,94.50261157925648,95.40760193765537,92.2510656395601,1,0.3789237486160756,0
112.56700664680432,96.45551957050371,112.9976428451751,69.10815491806156,0,0.2973852603504585,0
94.74555980134295,83.6307219067409,110.98753479962805,93.43219287472907,0,0.2535360337398158,0
145.409983274128,100.16870570398063,93.6767659184809,61.28028917826933,1,0.38608833227614126,0
171.38303270531202,103.85425180565746,97.47185101565307,64.6370082083113,1,0.40906525172405805,0
176.89559111642373,118.53803564975645,95.55166425130601,53.59475812959176,1,0.4272661627294294,0
214.0598143631703,121.7586017194183,62.71265766200812,6.948618702315041,1,0.5191893496015394,1
75.72126288219054,100.28641616415973,98.84106647301323,16.515405531223315,0,0.26583584151344775,0
222.62141381017045,122.53600500323516,61.10818446820066,7.645785539661173,1,0.4969841276429715,0
95.11538485407466,117.50644248575242,99.45207770653204,77.82360770659852,0,0.33556590737287784,0
180.09590048669958,104.25522633928303,79.99901457885665,40.46529380485389,1,0.4229667360152065,0
170.76125148440835,104.83340733023967,91.99208709649683,62.99420017510552,1,0.4248760004179849,0
96.05086456482773,110.5912131789452,132.05460158422915,109.27771097542679,0,0.246981790797454,0
82.82928185749881,98.55592438739765,103.77364586090205,32.9178985812695,0,0.24383407564604662,0
95.36345411193713,88.3739544977613,100.02795768500027,51.60441907213305,0,0.28580962617246225,0
104.73553692811093,102.43140329866952,96.76964952651123,91.64393207099364,0,0.3137860361802455,0
202.17451103215186,126.13666750941923,62.18681557448309,30.540587197028206,1,0.515202755619026,1
95.15403160788173,102.1364119167406,122.64866752919241,12.929669540139987,0,0.23992049209395647,0
194.45812584645307,117.2845664184935,83.33934401059899,37.61116853799709,1,0.4452902470633396,0
84.40829346644264,103.81586256347988,105.09792992481202,22.701669321464514,0,0.22925409268116076,0
121.66404084510098,84.43384999254253,103.414320426908,111.84492767173847,1,0.3493704824278682,0
116.15636181168276,104.71823420010486,114.85183528879124,97.74196402947237,0,0.28286740763637075,0
161.8409130724805,104.27605564329664,109.76977419916602,77.47483575520913,1,0.37270652662254194,0
138.45980692036255,78.3631944874154,109.19552583710214,105.08942846177526,1,0.3339029656707333,0
148.48967287154943,89.76893879346585,108.1356464042949,97.22596092029728,1,0.3514764245494268,0
97.86109062031322,102.5579028627008,119.97129822961281,25.642126830780157,0,0.2722077578254727,0
133.19754913963482,91.4668778055459,113.0003044093754,107.53684382483742,1,0.34859902153280087,0
173.09145185468518,113.39178951815907,89.67145123213065,66.56370006221547,1,0.4209636431395014,0
138.40194826014817,87.9741675481858,104.52028523731603,97.66305799903125,1,0.3560225619272194,0
122.98951046424057,86.03429552560314,115.81554398274727,107.94659079112522,1,0.30680770999648693,0
107.16251769104821,99.31504204901216,98.50426996113421,40.88840309673621,0,0.329723508493469,0
200.069092803873,118.10204815231427,57.88392867990931,16.766023245210505,1,0.49811769406929335,0
104.85878095432409,80.45761518793933,96.86069635139492,30.440478854865233,0,0.3244899145538536,0
174.2234310670711,115.31642673467364,76.27800736533806,53.54450348064573,1,0.4612008864374572,0
131.25254659282598,85.53950921482112,116.46862601157846,98.8897128470092,1,0.32913801256740693,0
111.19422902631239,95.22394818298723,107.01174055224467,103.84474765773584,0,0.2930090069509418,0
107.26077298848192,107.06812857876982,111.46235483887568,4.806447141618122,0,0.28967787678318196,0
169.0007770764855,102.35312636278046,93.45537391231393,63.246687098997626,1,0.40957197636042403,0
176.3265801651825,108.03619626150221,96.23586280394518,52.41967636525836,1,0.3877546037499224,0
80.17970757669636,67.52181779219067,112.75172947218688,29.76450601460471,0,0.2440284601798387,0
210.35364650520324,121.36224038771597,69.63976050421422,17.904382610707206,1,0.48800104754327733,0
92.17809710136851,92.74294112264218,108.31756122363764,43.16335988282084,0,0.2714283356780599,0
99.61119219880442,90.81336518786505,95.28946632198839,113.37752565385222,0,0.297341323790385,0
99.64479214469453,99.0641399242163,108.23350078304281,41.491540114407606,0,0.26311876565124975,0
160.36376776650957,110.22900394469293,88.63277166075144,64.17971212223047,1,0.39679260694424573,0
106.6906813459743,117.20468263105772,104.16571460166938,85.55019923184064,0,0.3111109358789037,0
188.1516038387889,113.85510303710765,72.99125004212382,46.181033875998104,1,0.47454649398483434,0
121.17712289345803,94.36329658417787,111.20112058208012,116.72672159563143,1,0.3125395106245978,0
121.5139760917777,82.85640412485824,120.75749551963273,115.6438862132849,1,0.2947069312143862,0
176.29681248829408,123.81184402378443,79.18597376679762,33.206746315742244,1,0.4347251394943036,0
114.81096548805202,122.88503980626352,107.08107766956152,61.68082668351671,0,0.3232375280006108,0
101.10225501623279,91.00838819262903,106.02669269326054,38.90188393874528,0,0.3089464417763653,0
96.69019038666558,78.28392075988029,112.44486611048367,37.04149734778624,0,0.2712792642822718,0
215.3199439260607,124.97150068538929,58.19035697124592,8.278885893125803,1,0.5260623274195939,1
168.6273831486525,101.6601229510101,92.07526788844058,74.70946274166803,1,0.4126844561259062,0
157.60379789492382,107.43217293513017,89.90313106044854,62.31076669454793,1,0.37776069134567436,0
96.66716671660012,88.45111919843258,112.25453678447826,9.971535144998764,0,0.2501169670355663,0
191.20163814849045,109.88600549002531,78.88935199969961,36.32298985144693,1,0.46276891557979183,0
93.89607068150593,108.57801867381652,120.85792509556262,109.35884277213182,0,0.2543442301565164,0
203.4205880590415,107.59693107574645,71.9280767125484,31.789179317368802,1,0.4875976126431258,0
204.3374376867121,131.73967588995754,91.64130968082678,20.80780516258188,1,0.4662623222940457,0
98.82080230854524,86.10360418107842,89.70647889303977,60.77652019219731,0,0.3261724127126559,0
127.84410354240708,82.20200241288303,117.12911480854864,118.33545267682968,1,0.3245829396639274,0
86.91083528753703,87.59072362787899,101.22543468612527,32.07841149533405,0,0.2705172951117195,0
93.26062859263983,111.79001033470855,119.03987881346171,81.96772349908191,0,0.24588309376277626,0
147.08719845822367,87.49043693497701,101.41050539222145,92.34787537813123,1,0.36296265245878057,0
202.17671667405907,110.48922456225066,76.51753132736937,31.565955103118363,1,0.4580972080091055,0
168.34969994547555,96.34748916348774,87.38712039275563,88.47309643897572,1,0.4408954996644619,0
103.83654946949436,99.9458944764426,105.62670066630787,46.66284339543338,0,0.3071269942227147,0
151.47206070362733,106.17242464600413,90.99274993731927,77.34747634885522,1,0.39889842486846083,0
155.22086679557754,118.94542480436586,96.96597234623755,77.48944644826379,1,0.402944077255704,0
150.7225066336604,89.44777406334266,88.64377533991171,66.14986335267199,1,0.36434159667006677,0
125.93234451241148,79.38368114507121,110.33855862760312,14.473613326311362,0,0.32371621441553367,0
132.64649925480217,88.26442743386252,95.86680517319077,100.8950894883516,1,0.3359932442771942,0
98.66483558998225,94.95464234357125,103.41391988446942,41.21048753672136,0,0.289049050723723,0
89.11423749972452,93.0843617480109,119.59416135006909,25.63614720638309,0,0.2360421758640152,0
206.14571019064854,120.36489364671196,64.91904696538765,8.729916420352614,1,0.5044895323631126,1
168.51526083039906,114.58783081353565,99.44303955911629,72.54358140983605,1,0.39766135161873845,0
102.52366194822719,106.44237773212511,101.89401810733514,82.59746597370476,0,0.3226526558858747,0
214.988773967865,127.94080129153987,57.8586219793516,5.924188155631313,1,0.5044840524728678,1
116.00986179459474,85.83603082697893,115.34664609283547,63.402794762716596,0,0.30237847091123976,0
196.01360053507116,108.05973102179757,71.96837040817427,30.273509922960802,1,0.4769665204571119,0
160.90074971109428,91.12004769787245,82.45286899205281,78.84004368749618,1,0.3953325730820354,0
106.30651435746657,107.5845303746825,97.6593220465863,24.226505764579006,0,0.303284180275894,0
144.61108673749288,93.54830661167972,104.73562505411243,84.14877761988605,1,0.35263451366411447,0
176.8524416274014,112.8089021228599,86.1788893709976,48.861300170862336,1,0.44439763608510086,0
115.34913370099662,88.47225553547838,115.9697265868858,112.66067869346121,1,0.2973869635627754,0
196.81891252144868,123.56323230706845,66.51630066595214,19.95242952093522,1,0.46562598281279866,0
179.88715241011775,103.78621591185117,75.37401367879926,43.563696721829984,1,0.4513507400364775,0
212.69267305911157,129.18598502433252,76.75113191591501,17.162928463908333,1,0.5051573162801797,1
109.55424926149041,101.97588408757565,107.55805177125006,111.26445972031328,0,0.30304690929639766,0
133.40591513077888,95.46711809818932,110.53711655964132,105.7713649921938,1,0.324339092710086,0
75.29530322132648,78.81324092096723,123.34824107384505,33.92122881495805,0,0.20472959087072948,0
151.76923457616752,101.97113000909775,107.15450422795034,80.55814933996477,1,0.37182589632569446,0
106.28365836011544,74.3543602878739,85.36454192406116,98.79777522334103,0,0.3283396175246302,0
162.1714808552587,101.56750192756385,82.2846994720349,68.40329414553763,1,0.42854672910783564,0
92.65120739187978,115.35776103780103,105.63157611291219,65.43946708929676,0,0.27747465305933855,0
188.62554261873035,118.61708058962174,78.74418219269128,32.0548657444524,1,0.463458267525914,0
188.15619517921832,118.48924974198816,66.33293362335948,14.799921065484309,1,0.4798405602898267,0
128.86157676702132,89.51502662232122,106.34910197684218,108.0770279225859,1,0.33670925892746456,0
141.00823956301093,78.61106730668963,116.81495522714503,108.44849463094633,1,0.31321215920732803,0
162.8765823481835,109.01195837990092,96.80544315298447,77.43976904369909,1,0.3805930451447499,0
191.61696674202165,112.31521595290776,80.22561893231536,43.327455761649276,1,0.4675169313869403,0
79.63939681559799,91.30792122456529,110.1972276841915,44.50831065506866,0,0.23774492786685109,0
147.200211770235,93.23520615947228,97.80421396199611,88.21085874894777,1,0.3759439355875129,0
131.524533863829,85.81067177321681,120.50932838578656,108.06479015449894,1,0.30143565079365736,0
125.97376382423053,84.56243303800247,103.48042819413101,106.9020252147536,1,0.34327189849693884,0
89.98382328031073,117.98049173092119,93.12679122509549,94.46556331948437,0,0.29391809796798973,0
159.529776736588,95.60560529098916,106.00484572448855,78.47567095389738,1,0.36919189168794514,0
218.16421221449582,129.3520795496216,56.6657063806654,13.760235939425664,1,0.5295578547366715,1
199.92698743207265,118.79198415319925,68.0232470683965,22.748930834975198,1,0.5012536570665356,1
86.81431468916202,96.41687725221875,114.62485458567923,108.2322858691412,0,0.2393460667708194,0
98.41641786622085,104.14444154802062,117.78085992012574,74.34577092051244,0,0.29491376013847964,0
220.58727233515873,119.8461707541367,61.12184070823313,5.066857987529039,1,0.5178825935217765,1
78.70794447783477,115.98210324828037,96.13602934563983,15.770698972459725,0,0.26121704015354824,0
106.97571089384945,91.82584379734418,108.69706309864644,80.96620521653448,0,0.2972502214283196,0
211.77308543226619,134.7616468076918,70.38728459256185,4.587143726161368,1,0.47925444459598066,0
105.27807061591082,113.44446453897669,86.31083091951425,22.653733964429843,0,0.34649676187545236,0
159.55727878005152,103.38690819924233,82.58028425855883,67.653119566524,1,0.41677043097870603,0
148.6012216724999,102.99380386488093,100.19589145121338,84.25984293235241,1,0.37070787588446547,0
150.01775764256448,106.88703375016792,100.90146473089051,79.62750610230167,1,0.35663427012023163,0
206.60704036124517,118.60359377607809,71.66350135637605,30.015239897424934,1,0.49668634760664504,0
150.43663338655676,92.12180177453716,104.45258534152045,86.61278967631416,1,0.3453619933465774,0
101.62318483446766,94.45911032297846,99.84680080963284,31.52089414962881,0,0.2845492923959894,0
190.189019663618,109.54276483082559,64.33089542528491,41.74636498647506,1,0.49078138405490557,0
135.39516589634485,91.70713815083022,98.55448553244678,90.5930029936908,1,0.37850369756691027,0
162.1817140581314,100.99037106239224,96.81477415826862,79.3574162894769,1,0.38666176448387846,0
96.84236959855339,88.04552407115499,119.42641496891575,102.50991561732464,0,0.26309613830246675,0
158.46126534889652,104.70936998929506,88.68619592835186,80.28309550683983,1,0.4198066357477288,0
153.1553104799165,99.48769285601216,79.33886457951752,69.9237979869147,1,0.4294649402587663,0
195.18136898182254,124.02585943150739,63.21508685895163,14.866273068058728,1,0.4837733327656026,0
187.66392296845498,120.79227466929287,87.6671472642081,46.65503315489429,1,0.41821586652090414,0
107.39838393447828,106.87671164302188,96.86353685316948,34.76347465108015,0,0.2870345289237304,0
103.51207007945554,106.38284222677585,105.28426161788192,32.302798631973694,0,0.2935945466967139,0
115.65167505706603,81.96042977472239,107.85369441496515,116.86922435128369,1,0.3219587425756722,0
109.43008214443506,100.16477127808434,106.20601076760167,49.599336061344204,0,0.28632911561587665,0
120.92020452327377,83.74168207913195,112.73691748844244,107.47740040054514,1,0.3142590534097148,0
114.99217035921184,80.18554982668356,113.11470455766643,77.2120806156825,0,0.27811151218383834,0
132.62994144712437,99.2153691671485,106.89198820803446,96.19811121083121,1,0.3373158663940139,0
173.18554973803182,105.08206855087826,74.45842919709503,62.30590280020228,1,0.45924758799006754,0
158.2703433467934,93.95626953308476,86.43719777178381,70.92085061665766,1,0.39838155229316397,0
130.88072430216974,97.85121982750726,115.11414721662004,61.132052482988215,0,0.32046352524379274,0
193.44026582927552,122.2466863688012,75.62427954700902,26.64818658457316,1,0.45622803622776337,0
145.52728560947614,87.22472918253233,105.61485566628744,87.80444537033462,1,0.36412030370415516,0
189.8526917005497,113.193459743137,77.77083859241311,36.569594043139276,1,0.45999123437338524,0
96.46451224456598,57.47563993528138,103.67606712029466,6.820652106048645,0,0.26891709389882124,0
160.19760615900145,112.35409978111983,96.74500194092549,78.87478632523147,1,0.4135120179751641,0
91.75798027371955,92.06184032629046,100.6776722946043,24.544838811217677,0,0.2912299309691608,0
104.20770791199045,111.41874606899177,111.48005685341974,113.09319578493806,0,0.27850979980840246,0
116.4987758928818,96.80051188919386,113.01069963096857,114.65571493230013,1,0.2990890429943449,0
96.21493956801271,103.03782587151335,117.74549205942681,110.12426926557202,0,0.2602618017425913,0
179.3564368745057,110.45550120686653,82.0824775388785,46.93840922963155,1,0.43961580454463256,0
102.38405953868137,79.63177090014706,113.10156967934465,5.792967517348622,0,0.3083684129267163,0
133.20603991970407,86.69391453987181,113.0612646332005,111.68495326017614,1,0.32789466633298725,0
106.83093927776059,102.16773672011186,113.40255900341577,53.66936120480846,0,0.2557850495353649,0
89.82358298469947,88.78933983316509,115.57645213444547,116.13195900906567,0,0.2389834144719759,0
99.4835268280707,92.64816111751419,107.84864827531874,115.77991734235333,0,0.25200447453173963,0
103.7127803396591,80.66817672926314,103.6946651074858,102.94909683421376,0,0.28709125831263144,0
178.75677124413596,101.92019774539106,83.67344693032548,38.15607148007194,1,0.40568171717263213,0
188.35512645916486,111.59953535088255,72.74430754031994,48.67133651782333,1,0.4524509694394212,0
94.97765287310972,118.89652663917144,117.16037457324323,102.7318538959554,0,0.24420849419706586,0
191.77635864055662,116.45981658949721,81.03395079384924,40.76295259812821,1,0.4571066404220411,0
203.79017373082223,118.84035278659167,74.45947437331664,23.66115861558673,1,0.47403271298110194,0
114.89051752810953,106.15723075220069,118.04756667969194,68.58894644516862,0,0.296382840964787,0
91.0430065568063,109.39959243247776,114.26564908987186,112.59395380265059,0,0.25999000733509586,0
84.76330134919343,88.56722426078564,129.59241688011895,84.73945641429687,0,0.19154816596151786,0
158.72842787049987,101.08876012609103,88.7348512829134,70.12709573036634,1,0.4116533791211405,0
86.33456030696563,115.25991757726328,109.08768184151471,15.27247327740915,0,0.29420203584475496,0
158.03081844784282,100.558219134842,99.47675579766997,75.34083829710369,1,0.38820460832055576,0
89.24514220877518,104.52832911625897,99.51382979098274,118.84624661209455,0,0.27781469577097767,0
193.21235525523812,121.12324037052782,65.45939998693737,20.24974576743679,1,0.46142200628618457,0
97.35713579866649,95.20495168805792,129.7558508673704,64.12623967419347,0,0.2254005480315218,0
108.47139867377223,109.28220726235652,105.96203482980262,105.77527634364283,0,0.3116971163242994,0
145.4661352319417,103.96944862978586,105.36232881259296,89.92915965948771,1,0.3722205932320084,0
121.22120587689733,66.47761008157218,98.20092809703031,84.85382595545109,0,0.33307638734835043,0
150.7114974645141,101.09623369258047,104.21926694868888,85.48815374250468,1,0.3764142442446831,0
112.57126646385721,93.75977565512173,91.90711166793425,45.7009735414916,0,0.3458800908520391,0
107.33059718945862,94.56854984507498,104.18005454098642,38.05665393468123,0,0.30960442745146405,0
125.62118980926488,76.60264221518443,107.91084879763486,97.88589403550758,1,0.3085805217464692,0
99.80688650339125,104.54308137403157,105.84871606443176,97.97315378278496,0,0.2924493052259991,0
90.22964997563118,76.89975678835759,118.29717585929744,104.58038895529202,0,0.22360295138403474,0
115.24123609697443,91.77243031841857,111.23751682698256,109.93590409655067,1,0.30043535661439447,0
165.8300662079861,101.27637029096329,85.52354585591003,63.31571826786878,1,0.42329816184665703,0
97.98895901206816,76.66760921281582,116.99439894104029,62.175890183715154,0,0.2787721769580718,0
98.6240227488141,114.31871798831574,125.06378172029031,96.60224076014592,0,0.23806375404580485,0
105.44362997204449,95.80667728742581,121.44740565638818,79.39581597022075,0,0.27448001897636953,0
84.04150448888902,103.44711148278408,118.13578674967712,85.42815776189359,0,0.26163435306992033,0
134.80915069019443,108.46164113429819,90.13079575268554,96.31194965458772,1,0.38388465681298656,0
119.53845212338345,109.04796720755722,115.8781514772536,107.24061965083769,0,0.3158243699790277,0
181.45208073030167,104.86743205698808,75.16125704172337,43.207438194778156,1,0.46405474475763475,0
190.6134649381689,111.26231750739875,83.25685048949325,47.567622506233505,1,0.46612281889932805,0
212.04327430118363,119.8500597618273,67.75822350572224,14.901905021540804,1,0.4772357007655042,0
151.87458938154026,87.98413657792625,81.35604290333124,71.08049635555618,1,0.3910430768953809,0
215.16428509377096,138.13280767063824,51.040077417156944,8.169303760422082,1,0.5243992554442695,1
175.6446322351698,113.168484006778,88.65916064646514,58.00937010336538,1,0.38929658810664264,0
89.79397121157149,110.92486131974835,89.5596187981204,66.9467776260789,0,0.3262236132120852,0
201.6120044534795,117.19328115451756,74.08705058292125,37.238785246880994,1,0.4915721884445043,0
151.43203127703936,93.12463018440097,81.6459632576596,72.53665822600524,1,0.4039859792795748,0
207.23144908287588,123.7879191507633,66.75466879444772,7.538028992929734,1,0.48535516288350705,0
202.9957188829257,132.76781921289725,72.72230885313417,8.332389894908871,1,0.4730732234274524,0
135.2764535967105,85.35833540282735,107.51414022327096,99.42166503652035,1,0.3363299494653213,0
185.57910499248192,95.10932188485437,75.05115186774334,45.782114403706494,1,0.46289558141133585,0
212.28282657636396,121.38312564517653,68.90058241498993,18.739019467618633,1,0.4994956186510858,0
99.36641914673285,90.79734864283398,102.81803856503333,64.5802181663573,0,0.2874172240994351,0
139.6751763477622,95.9542243551134,110.17704890328102,93.31925215943886,1,0.35268616650063433,0
197.01803127996175,124.21141580848908,73.88072830362228,29.03523918963381,1,0.4752541496469415,0
149.7727774577898,105.86750498749196,82.57324524877089,76.25529519500402,1,0.3971278221164138,0
108.43933410462786,92.73831926138496,137.0249257017717,13.900305939277088,0,0.2646709428958713,0
198.8094787367568,134.62056484577252,67.82418874710393,9.995079655558493,1,0.4594928650821682,0
166.78031024624482,94.75328506109236,87.75235456487788,65.63713726190517,1,0.4137497444805971,0
180.5941213315268,108.51444491130209,88.64583058218945,66.71367410677236,1,0.4414672251364351,0
155.10284161165333,105.15756782818661,87.15254098032374,77.94186857379196,1,0.39213121891551805,0
144.95752546013077,88.23809098050255,104.4029761524931,88.22659471182874,1,0.3599184055875691,0
119.4747356028049,75.530340282603,109.17685115795746,117.19884121765402,1,0.31401596229315926,0
165.31449954345186,100.8193399635688,74.18818421231165,63.89084040293866,1,0.42879990662518325,0
196.43032874642512,109.82060332944874,76.40505088335016,41.46295086118453,1,0.4644771974918933,0
122.10377254838926,99.1833367720784,110.97878069752855,96.24159859316963,1,0.3108435393899593,0
98.50280767477642,118.52215469756312,104.58768507450203,35.41654114640061,0,0.28659667198991157,0
84.53569879606215,110.78708334877028,98.49936152420325,54.92068480185379,0,0.31494504923772004,0
109.93285032286859,95.99571602019351,123.97522967973975,13.10094023570285,0,0.2587897549229405,0
95.75592522402745,97.87166637309535,124.55248413193536,6.940686236193072,0,0.26143652538365647,0
128.31907940596633,86.71609758214893,112.11535285228642,115.6672161026393,1,0.3111091424479169,0
123.07026020208346,90.88010758022068,105.80160628621557,100.97369397941587,1,0.30603707325217444,0
153.08654140626476,97.45508354401679,96.9919965114784,84.73300790686896,1,0.3823792303149011,0
193.32902569291542,119.75496925826492,81.460112466781,51.438541552055305,1,0.4612123477349166,0
90.17483086405366,89.17655884078526,126.3240800107392,24.10214112821811,0,0.24252493091563088,0
203.06206854934484,130.9035466803885,63.59975082681211,22.146696949845982,1,0.5157584218323186,1
96.66905570060256,91.80820112587547,129.0455464306842,33.02817618709306,0,0.2814683009811683,0
166.9818533946193,103.48570441145633,83.1715189840811,67.71029310590998,1,0.4279990331808004,0
99.94562932075904,120.63755059083441,113.62560409811051,86.89312703320724,0,0.2716854803683539,0
147.7156916449315,92.39193768418852,100.64622750718677,80.58289569925682,1,0.3734374173242486,0
193.5093682408608,113.84707516588244,78.8479309327203,36.47233204572937,1,0.4535157236100631,0
138.79780774751853,78.33634161700306,105.19773472987247,114.76437255693051,1,0.357676339895481,0
143.80940105225733,103.06871791748725,105.42824884238216,89.59604233670915,1,0.33434406951530815,0
168.83717179441672,116.20992125131582,90.4904910333495,68.30507009132248,1,0.4466864176127081,0
147.18747753437665,113.57960700863815,95.85566892938198,74.95960656318486,1,0.3897800020571481,0
127.44213231677287,86.45996126194069,106.10064064726583,52.67360724162363,0,0.3019480756800227,0
196.4985879045978,116.34035868212789,76.1262462770679,32.73679478213427,1,0.4544373884870519,0
194.12890262533244,110.4585016362412,77.79237931418002,45.292830723546345,1,0.47290576051103533,0
146.25311611206294,83.83550578734149,96.76620677381098,91.91014881386681,1,0.38939072649834006,0
96.82274237871162,110.2728748184724,111.20910564109279,5.669644681051681,0,0.2580238920927084,0
205.44064266105158,126.73368668498841,57.24057406057437,17.464426298802284,1,0.5188264707059594,1
202.21648273280618,123.05518673796738,68.2325743176889,9.336306474523319,1,0.4549663538635265,0
217.56567172000914,136.02469532203358,68.79015092482956,8.724541069000535,1,0.49069347537157787,0
141.0308080441899,84.47811297820118,101.15781532105987,103.23342774527684,1,0.3726047502764604,0
101.60422742949287,89.2539792022034,131.27758298611533,85.62431168808274,0,0.23262474029817368,0
167.06952600614923,106.66503449466552,85.4823954776113,59.00416417412972,1,0.396855529698822,0
209.33639030761958,128.71495399084355,69.0091030145138,15.348762635516172,1,0.48922743086168824,0
94.46081100930797,96.76787016883304,116.6620466290917,61.02744151355255,0,0.24841401834819382,0
170.36866790753874,97.74748273326682,90.04118636784322,58.92272541054562,1,0.42373496239041114,0
216.721593555364,121.49475326760461,83.38275698464426,24.09141690956176,1,0.4538946000398957,0
172.75146830102796,116.9695022512757,81.34576196710424,54.32679131160487,1,0.4211769354775404,0
109.9565705997944,100.31902514633863,95.25609597121662,50.22654919009532,0,0.2953992542271869,0
151.9541560765378,107.13632658585219,100.35749529432408,75.4386113740571,1,0.3762071549748341,0
106.58729374133836,85.73870171485191,103.81872653870047,77.67086350064667,0,0.2961556427661456,0
210.83748566962421,126.3454500220271,66.9913750609049,9.255265133557163,1,0.474810082166871,0
175.2591296128697,107.83277807812846,74.1359966168317,47.45506329667066,1,0.4538785145474775,0
166.73730707247458,106.50395954716367,94.24097230949383,76.59975022285143,1,0.4173823193067322,0
92.27930397051601,119.992487280409,97.01518680961236,62.36380599529017,0,0.296539470410356,0
129.0692601592192,96.07320764266426,111.87003168091977,103.35282157784539,1,0.32485238992248205,0
89.76127265796016,85.14589889843468,112.10199617061225,80.40846126779762,0,0.2557877224970548,0
92.73301693333268,93.92183775094934,131.50387155545286,22.900393541445844,0,0.2091926483054957,0
204.36798247854506,127.34208852813681,58.55487361939884,12.185974698449861,1,0.5352875333960214,1
160.8911412333583,93.56727558844543,96.87639775391385,78.52063627193262,1,0.3830975731569526,0
198.34307610594854,127.32725521677114,60.678459603831925,7.075312022828131,1,0.5052537375401502,1
167.18247251662638,99.28712940049351,94.21440312712431,71.94996742772175,1,0.41409699751177675,0
85.86489334270567,85.61615406911523,133.7513819652154,113.06670800529508,0,0.2036933868477165,0
101.47201656531408,92.91877605442536,102.15846804812918,70.75500463360196,0,0.3048287906598475,0
179.2577583427277,104.75512918654057,86.85917385468325,49.02771143995654,1,0.4330820116669656,0
146.8506235287327,86.8155923738197,95.69346405094998,78.62143333931297,1,0.3537014485887545,0
86.23839417161508,116.40887429592692,73.74632805637886,57.157335297015926,0,0.333049669357676,0
169.4142580217799,106.11932582822594,106.52844519207109,67.29154756064845,1,0.37300256437083396,0
100.04737054081293,90.72419545759695,100.26758336234917,113.20991781807692,0,0.2894164291339063,0
184.0187155230384,111.81431091096769,81.28829970261269,48.78790598488981,1,0.42473783542627086,0
93.87420275781342,91.39495606125881,99.64012436236231,115.49810540357404,0,0.30388367025848445,0
116.63550505055878,96.27864296167691,122.8605183963703,109.02067446690339,1,0.3068436789650663,0
210.67789090345033,131.4878762005093,71.22544937676707,26.711771635558385,1,0.49791647181520765,0
210.7965884155864,128.2206785504594,67.95282490157295,12.045910901519193,1,0.5093634882528076,1
199.73452081359704,132.28872570098707,60.27534401387927,15.690248159781492,1,0.4909334674274224,0
204.2627145144383,122.63959747088307,61.77177780843132,6.113731775579769,1,0.48942040146055876,0
96.10187801860607,115.58635568476521,106.45455847194374,14.955383447687694,0,0.27492104628178055,0
76.90221290521922,104.84093130070637,102.97369050243105,83.2287857162974,0,0.2645318730943447,0
208.76470435249092,133.70631211027614,67.94751982692792,12.257883221386562,1,0.49098146854786145,0
197.92159518024852,125.4068279409606,82.71100348574805,41.00117311407631,1,0.45122805416559986,0
123.38598108587358,87.87568325539785,108.41603596064238,102.00553607245674,1,0.3364160180815326,0
214.32033462943505,125.71000885071092,54.59542619688392,6.699544545355801,1,0.5264700477015297,1
127.91556579443125,87.79358621154456,98.56663791745748,98.47834398031655,1,0.33068518862887436,0
192.32976016623778,118.91789215769954,72.99375885587338,36.69515387371439,1,0.4570260562473613,0
212.3391657840183,131.23435781558064,66.14007919175546,17.707120004112127,1,0.504533848921154,1
145.9493129986837,85.99252948949217,106.23194599183213,84.82151118224148,1,0.36836438488506007,0
135.03514729159414,104.00705587957081,87.13155511249344,76.95737022646654,1,0.38688160732568616,0
133.43595720009017,88.39326500953918,105.98369004866008,105.78675356913814,1,0.36495918752911605,0
103.33704104240148,85.76978247356357,108.86654568959975,89.26824108125075,0,0.3074953015716648,0
142.2312014358249,96.76153753997912,102.4525938106515,97.20378792464244,1,0.3631991142489443,0
98.12626867255966,107.93086431071738,100.65175750201337,36.71601041827155,0,0.28567750715772927,0
190.9457479974344,120.05627187174159,70.29040811045994,24.582987078447847,1,0.45162097983790783,0
149.5489695183206,94.35113213074018,103.5385004301787,91.07131119033957,1,0.35775877238351994,0
94.65725730430049,106.34452585751362,111.98460156103039,97.59282975500263,0,0.28181551443210495,0
99.79557847251304,120.94953971590586,104.31269471513126,118.8985964720781,0,0.32556965135753096,0
110.37341569323718,85.17843272725787,122.05765974995666,51.863650521725475,0,0.27625616574020817,0
176.67147972530293,103.42055122036795,79.06911083592982,47.15409795196285,1,0.4601863870790039,0
140.96123241012714,92.07597800523106,105.18863114964299,94.06390344607163,1,0.3453262094950946,0
102.31870226007881,104.7777956522636,119.12217911137866,43.53321066935007,0,0.27918944116978467,0
122.79563001208034,88.2759323481124,121.76926617053297,111.9678497700135,1,0.30382930809195535,0
128.28110268854928,95.77576558195295,104.73510530492776,103.57587921378936,1,0.30338799051222903,0
175.4704633603191,122.20434241148013,94.99788812179793,53.76330717550213,1,0.4031947007113999,0
135.3844959359195,103.10735103553158,97.14147831763024,91.1010438638137,1,0.3729944278622689,0
83.17976073350385,110.95018646442784,127.06636353121553,91.52697339382316,0,0.23078206345898547,0
212.13301227617856,120.43718751426684,73.03835557999902,15.962368784968183,1,0.4652022856813901,0
120.22953340637267,71.36410138704757,103.4248528143714,108.69613717482973,1,0.2811615186843667,0
173.15610400398083,105.34282734120825,90.84519246257383,62.60927520395143,1,0.4098670104915428,0
140.47650861908323,90.2670127535953,105.41467109933625,99.86906606849803,1,0.34657090476726,0
171.92208473671607,117.31040571593601,83.22839594385253,41.125753719550964,1,0.41495608279004725,0
124.67890402668203,88.46740297159246,107.88241719601483,107.88069450555926,1,0.32225893534171557,0
188.5967129467432,109.32703155900634,80.37516567306756,49.14739473316292,1,0.45828605881057244,0
97.93082595932245,103.47824543565336,134.12625747055864,5.25716757171461,0,0.24698940223876129,0
125.43117484766275,82.53610922171157,109.27842881843446,109.02430926463458,1,0.2816894716247815,0
211.5387750566889,127.8655868454071,72.47169791847179,14.589254507191493,1,0.4625563985862117,0
97.56286989341919,109.60526818525115,111.07973381721791,41.040381960488126,0,0.27373097542225294,0
80.27588562356482,87.81313479885367,98.79357412720913,114.20718817789337,0,0.2697756893733481,0
119.99456090516976,89.44326662323517,107.62560424016495,114.27042904475651,1,0.3211093968250683,0
172.61329637500373,110.2227989653067,88.02210966649109,70.51879502230119,1,0.42711223393659664,0
169.50026680063337,95.33882371721198,106.09763204817231,77.29311661169672,1,0.3768111591231282,0
100.84111529291617,112.1388881583219,109.97734802642572,56.019680549485095,0,0.2816101515140363,0
77.72980084961165,87.70307932889692,103.96037191144403,38.01244951697549,0,0.23435574386082825,0
86.51292319993951,92.70150700483462,108.69967014928642,42.12508726291025,0,0.2674361868410541,0
145.01299399343375,100.30526849631096,96.5063499688367,82.01214090493646,1,0.35825656577124215,0
101.88709490911678,101.65350192217227,127.83313083101804,91.27544541477089,0,0.2657010077468218,0
143.49454487361078,88.58812141599547,103.78372436152142,95.82316907219843,1,0.3577104892129629,0
151.54970160676456,99.1008373057124,104.52610829997775,95.59570456416824,1,0.36399432093820616,0
213.05367744558237,139.1255249659991,74.85298194521931,14.579907953648082,1,0.46701564312321864,0
88.08026316194187,104.16793351951827,121.09805052327819,61.35275534549945,0,0.22157807879582248,0
219.51823414017443,123.6178808857433,60.0986304868787,10.676816161930738,1,0.5037135598175929,1
105.32709631509232,82.04748171876514,109.09071020767759,67.74535034955332,0,0.279580531830491,0
170.9136146916214,114.79826667422881,90.66585341511133,55.21753815931174,1,0.3774817403070578,0
132.8568639833779,85.96804405298768,116.54349463352271,106.97368519996277,1,0.31224426432584135,0
198.71022203823745,93.40398492298539,83.98114421896766,44.70614145604113,1,0.46889738311005874,0
230.22953686004098,132.92191124454732,54.459912536668654,17.57977390560228,1,0.5377429615397544,1
86.82597370029313,93.38422437859043,115.14202014864732,20.58703511812896,0,0.23725411813777886,0
141.58839931754792,83.17365480688329,94.23036222856054,92.33523327922678,1,0.3714685725499826,0
81.65869044541114,96.02333551354357,113.70897520303265,75.71329534468629,0,0.23059282363720943,0
110.6492949892129,107.22216256714042,126.63153850654467,15.730230430243669,0,0.27340130076554287,0
96.53008857895344,121.27988206266875,111.33048696671352,13.756389509339702,0,0.30364105109570233,0
163.26800813958363,104.5783229402809,107.13816155402525,85.31241924925791,1,0.3886877206030398,0
211.47347545832585,124.10202218543854,68.09417728335772,12.44050873824645,1,0.4992814214083798,0
141.20213898133005,93.32999935255707,96.44061157458827,99.33576687768132,1,0.35928805427030935,0
110.29383298306416,95.00904542063978,143.4186845323607,85.92409835015356,0,0.24987234453975243,0
105.84490097425532,82.95402855148798,102.56703854695473,13.436458554460373,0,0.27359043722181914,0
215.17721164218835,118.67866259182838,64.84638653440454,13.841174833882263,1,0.4982417442292975,0
93.97858819575235,105.57319334257922,104.37411148959518,118.45019110613636,0,0.2920481331174635,0
176.02074237867348,119.29114249246089,69.82767322680742,47.41541230770996,1,0.470067132549352,0
172.03669191976033,112.06653641400932,76.3959383247474,46.994489059759346,1,0.4525934972985509,0
141.61205167673657,102.79249031247528,103.68573659847046,98.2847498018703,1,0.3586435462791575,0
100.94717390020128,98.86643457854105,103.2154803110262,113.88083497652761,0,0.29188621389630187,0
125.01541342633757,85.22550520133333,115.5761407975585,118.37612340345302,1,0.31323994204088484,0
109.46087563483943,111.75011711795646,104.60300676748814,91.39186949003722,0,0.2953556736886299,0
114.8408050128379,93.37922025159904,109.96811004137967,47.646111921586225,0,0.2897732335611479,0
118.15520199435359,104.32328111751896,119.29092848583903,13.686083137045577,0,0.29488502316907966,0
132.8088577845666,91.28067521047177,103.48273556537649,94.14904224758267,1,0.3436357946534771,0
159.5907915724103,94.15563808199566,96.38450981311706,68.77489296935339,1,0.3622401104455972,0
181.22284116665185,114.90380523009534,81.3321994487721,53.20975307264925,1,0.44804121685520454,0
135.84522632678733,94.08970962669656,117.52293742477093,109.13710867098938,1,0.3312129351081299,0
203.56584112909192,111.551070406292,69.81190611769374,16.898907947513557,1,0.48342259911543767,0
106.50289065799032,88.22366710227521,108.1023399535191,61.144512097739664,0,0.326411822768157,0
203.42615769903634,145.48802233755626,62.35280057774213,5.317022793020612,1,0.48148106793837864,0
168.5065710007816,108.43530678040989,85.07356645346135,58.364634471318645,1,0.416270976912128,0
218.34708199224735,121.56300768626757,68.25103927821559,10.531179979093132,1,0.4910041117360073,0
209.78257488960557,143.10173477936019,59.89204863596426,17.782878287096345,1,0.5005795714902539,1
209.31112191592956,114.15482877707836,67.87635020550621,17.633044626144166,1,0.4875993846660028,0
154.30786029289487,100.40009712603492,99.11683183104937,79.30839504546337,1,0.3572525575058489,0
89.79805546794879,112.86223501553488,104.94580763525371,90.5412059947891,0,0.26975333962783105,0
154.991783591487,112.53949206144046,102.27769472172196,71.67077675127052,1,0.3725826336954166,0
87.48720230106626,93.80511250517037,100.30769997604945,115.61201562304686,0,0.2933557573177701,0
104.23568348189933,91.94498775728655,104.80231361597866,47.48498722474967,0,0.32782057151195887,0
192.98398244336252,109.41323365402337,78.54051626980265,37.142602008695846,1,0.4783493338327435,0
104.94521926224276,87.21578782706061,105.28118770319475,104.7574988699774,0,0.28173096854126994,0
177.82565891748294,111.7250894977878,76.54427597711867,29.937117268256507,1,0.4374992363258019,0
106.00191724918443,103.37967911114157,108.88345366750978,115.73381457511091,0,0.2913538215084032,0
211.66103446525054,124.02190709196958,60.368862167289805,5.409919064018696,1,0.5338407659610489,1
87.38287995222737,120.96228703081293,129.73119337320452,116.50594389808613,0,0.23229358970037653,0
95.80911084237684,101.80520206464642,113.39653393802509,9.00654978626683,0,0.2480857875816015,0
93.05746632771198,88.27963967356233,101.14354355494743,107.37260118897625,0,0.27361581523795253,0
102.07880237610209,84.97042010759571,113.18889854207028,65.21332865401078,0,0.2834549995283841,0
125.61611730508122,84.12821742739764,120.90354298457544,119.18391634983884,1,0.3063531752982877,0
215.0015533278486,125.76845039578376,68.7131242739145,12.560401509306267,1,0.48955595879040786,0
152.19977348493472,92.18207154948931,83.37947785334912,68.24709699055322,1,0.41792227437691043,0
132.66297343991164,88.65687337044953,112.87158060605717,116.43909413181548,1,0.28826751995426064,0
93.36948245757111,93.89939222748505,117.95118594684924,64.67934992373726,0,0.2534084699218217,0
152.87058119962165,113.09836090545159,83.08463070728241,77.01024202369045,1,0.4214734109303152,0
116.4396565773814,81.80413114558434,95.05497266455312,84.70684792221559,0,0.3194446485363777,0
158.51781520926204,105.92816375183665,84.71498435603802,56.7267635130617,1,0.39921636571609637,0
117.55141360799185,98.23670655568279,130.05127944120213,76.79673728975136,0,0.24473226632022005,0
151.94797778197707,102.34755347839976,82.52375761817034,71.78046018307963,1,0.4327925795799166,0
88.17204086470458,105.01346616360414,120.72652383298298,108.53432921695472,0,0.23233925391551072,0
81.65304377726333,110.41338079304523,112.21464124606261,9.271780119609113,0,0.2528043220213658,0
198.40839867267047,114.75798960277999,77.03408111661084,36.59172999269872,1,0.4742547373879204,0
119.75944938972368,87.56569247839495,115.16803537178257,114.24773215288081,1,0.32124059409590194,0
105.4503576191344,96.3839055609482,118.05793807086793,107.2705989313463,0,0.2712101329567826,0
168.33343552629603,106.27648976592022,89.25357583503593,56.8561833231427,1,0.4052538628343385,0
143.06165188510786,86.92368492329811,92.23419392765442,75.93538134497827,1,0.3798187641424455,0
180.92095679223456,123.25000215628731,70.30466744396654,36.17621722581139,1,0.4810946423592727,0
208.3681141867586,122.40831401426871,75.8492407788011,25.82205452795631,1,0.4718469874553083,0
170.59530209897505,102.91492847687677,96.92834887425504,57.78901497303793,1,0.386725117638042,0
178.12298625222343,126.42032295035338,85.6936990711193,44.988858451022125,1,0.4057521309861562,0
161.526721661238,103.72007449723377,99.32522623605438,71.70410897470116,1,0.3681935753425574,0
213.16658031605849,117.86553828819679,62.32181061936893,13.01721788793824,1,0.518828205589573,1
97.02032230073729,125.94971384085413,106.16113852859004,117.02979768927531,0,0.28731671879880033,0
132.92095520611514,88.38617013070211,124.69783390286445,118.40044635963393,1,0.292275589209532,0
107.140239038868,131.0969375482474,129.62029782228277,84.98675882629044,0,0.2591065157491554,0
154.23563643141208,102.19951883146963,101.13543756035017,66.18717849591796,1,0.3758246248057105,0
183.4379424700021,118.189018757991,75.93938335969817,39.90520348921402,1,0.4499553419945825,0
140.08205881432474,91.26760861120007,97.0176615099842,98.40022228600604,1,0.3597254249948564,0
142.7659152434401,102.60578415542714,90.7784284560443,83.42881601625,1,0.4010861139433263,0
193.28982187750017,108.09155196042276,58.69300596853838,22.86356496400739,1,0.5236906343609219,1
131.36067521799433,85.83755323366353,109.51264498005231,109.66755340128573,1,0.30203951626198383,0
136.7655143715301,104.77471561749951,116.80464245532566,99.4143201790876,1,0.3294082927272326,0
125.11505101174004,81.8142315839992,111.33939030024827,114.17678994186319,1,0.30071182452482115,0
117.9134447240683,89.82986557666737,99.84091764474309,88.18346297304976,0,0.3223996739721412,0
155.5266586792275,98.68070960764331,104.07575333404895,75.15616272855162,1,0.3749353934329379,0
168.8426413377604,101.80278497013758,81.24125424662445,52.51619220971179,1,0.4271262866942707,0
95.10092783638201,101.23041320430399,123.08975977287717,112.19650406906554,0,0.25280166415038186,0
141.22915202608388,89.21211601706695,121.82372431092055,104.46341118204737,1,0.32838065352058254,0
197.52602565849693,127.48400381895235,63.319679923215695,9.245365732317971,1,0.49374129067688444,0
95.58481803026459,93.80954081164388,113.3852465087201,7.058569041681233,0,0.2544370982104468,0
168.30297382773458,111.10969360716963,86.72930199708183,47.66975055785375,1,0.4086169645864469,0
99.53586421867399,99.62793958990652,122.47964127229494,98.02418637069262,0,0.23563327472000944,0
108.41700258598047,78.14611070893164,132.59168048497617,118.52403100053355,0,0.2322589298504845,0
190.52920543573737,120.623741935492,78.79916861833178,21.44835936800927,1,0.48341781836596326,0
151.85915234429112,98.63673584257124,101.93641474382807,72.91916298084767,1,0.358009683240956,0
171.81555821568261,109.96336934233398,83.1726117705609,48.18333936919849,1,0.4108850439023676,0
124.56641351311323,90.36415101336219,104.56039554104582,116.51007014649397,1,0.3316647313812083,0
135.81659212650482,101.75201499339943,97.99930565486015,101.6857950837422,1,0.35581103072704995,0
94.51876960699299,86.79311897938194,123.13261462349496,101.24612974649199,0,0.23813624105068656,0
172.77422819693473,108.80438405812097,83.25308908756404,58.368406536216554,1,0.4508275415956952,0
172.19400743066092,112.82385374186327,81.50025301596128,52.11906227116916,1,0.44050658996106323,0
128.58635942055633,79.31037095919484,104.61069683512606,35.715220343961924,0,0.32231434258807656,0
83.77633380789835,94.8049485481389,117.74430228282277,10.539557611507545,0,0.22857631326904473,0
143.80052537633432,80.62485963151053,117.45473843437695,104.30779564558617,1,0.3202191938796442,0
127.68958588867173,80.75545397666583,98.11820775510833,98.296517059089,1,0.3556878853210836,0
126.6651509253741,87.57950606729912,112.58264864890563,119.96725010119115,1,0.30927178034287833,0
126.81627818545522,82.45917439796963,120.13406370598344,119.60987310057303,1,0.27180831563758534,0
153.78882881505842,105.75468365963424,94.50033406829661,68.43007784990479,1,0.38618444680401254,0
148.88143768258954,94.92378260058935,113.44449358521051,93.20254016093922,1,0.32135724443538627,0
103.63958613135291,100.18602244314648,96.2405171855352,113.59282466636165,0,0.3464074016349739,0
125.55372711789491,91.22355839178225,119.94301666642124,102.55909731857973,1,0.2853172189319685,0
185.41632759671012,109.10864843906691,78.76413202140866,32.69237980221093,1,0.44855567152692605,0
181.25535865477232,118.63813662002073,93.22243532710725,56.26311969597085,1,0.4223063787940305,0
206.35321902196068,113.38977302689023,66.43570427806328,18.982492157573418,1,0.4889852041512435,0
90.66081471151634,82.1901397308736,110.74445591623179,114.6699191620118,0,0.25017189606902196,0
92.60735677755129,105.22401082506693,117.86448047858777,74.31625759630208,0,0.2623211010045171,0
86.94274331451962,86.93306640980951,123.81080241546822,30.522565438401674,0,0.24858085095430643,0
141.1238234809452,96.96100062937472,102.65007836608666,81.91727939107938,1,0.36629999334295943,0
165.29281174204166,97.98075450273305,94.11494904746912,75.70287589311592,1,0.4228399017115844,0
191.40099052958095,118.89233258093233,90.51699638211107,45.5468752918095,1,0.41723025162267835,0
203.85430680149165,123.76625888105902,52.526961391321116,17.172680695156966,1,0.5225380036232223,1
151.4001088275185,102.90307711326498,87.58300005513573,81.90249068876476,1,0.4001406628984124,0
85.52982136691472,79.26466219043492,121.11292082049903,64.35569330484003,0,0.22840100928550786,0
146.1232601803642,85.07043135200715,102.99368632105003,93.58893344133416,1,0.3798092731923059,0
170.96065442622046,106.62334343590922,93.72728836699014,64.33896612899123,1,0.4041621071671941,0
133.79159349987998,89.19818024768038,107.59183575729264,102.85305403695065,1,0.327980183170384,0
172.31049913076376,108.87709522048749,95.17300012373725,68.02119329784033,1,0.41412910809227554,0
159.7700449037398,103.53983906957284,85.95571573967904,69.06880469810481,1,0.3840323275705346,0
111.2050312752878,100.7969427526911,122.69665829432842,105.69181790836802,0,0.27273697877421893,0
104.75889956518078,86.78254410669743,112.17371971652412,50.80401248063806,0,0.27741997581859507,0
92.43610600622446,114.54616684714296,92.77651649676152,19.545766500274325,0,0.29288920273619556,0
212.4895072264879,126.09825968514555,77.45849235320009,7.338790452347321,1,0.4898256843406025,0
145.47252866121102,100.53463817057198,103.69015319783078,91.5959216581398,1,0.34290481077938595,0
153.74719460516488,95.66389282458691,96.73050208822279,75.9559079570019,1,0.3800141227659955,0
147.5538416517017,100.02859940320516,88.60470042139178,85.67325309950994,1,0.3954685408732857,0
88.9769805310558,113.35571441946071,89.18560467571022,28.703842735033646,0,0.3282350623615089,0
199.98997679537317,125.73231567979322,67.73217560065031,19.81909116806529,1,0.4826554742399445,0
202.40806551286198,125.37548845274631,69.9588615906102,5.687181217474304,1,0.4944763281458706,0
196.77320721567233,113.453774719462,76.19589734125667,44.66815682156525,1,0.4761679695618937,0
170.69292290024268,107.72439883273415,98.77167048934648,72.43045167513743,1,0.39956388516650176,0
100.14949053141434,85.85243504092008,124.0701959193893,49.50030923156895,0,0.232759047508093,0
179.89508664633442,104.67839877767821,83.85223988179159,54.74709095475257,1,0.4144762402897495,0
125.24086136786025,92.3703667571293,111.64669504118375,108.88240856127481,1,0.3163867477878996,0
185.10986924372946,128.03843750631367,77.61082105763558,44.39763417470284,1,0.4423161365244757,0
169.3348090799929,105.17488087891785,86.15718043701462,63.622780742538055,1,0.4343727235819564,0
109.8511487862226,83.76481810697477,117.56659338297663,94.9037494779726,0,0.2879285114527802,0
102.87534990596521,111.69184669461316,102.56785973620406,49.998962749267335,0,0.3005926323979275,0
102.36388381406948,102.9149698516154,120.92313840338136,76.16205722643332,0,0.24866626051506982,0
104.38889440218237,116.01039392878313,97.07892012412023,104.03419021462244,0,0.3251366721123506,0
118.22509538058436,87.85820018357808,115.23429126259492,114.14439234428649,1,0.2808647792895983,0
102.0049631546725,85.3960833555177,113.20970229853157,21.0605237877684,0,0.2607340468354598,0
121.3704496548362,70.64743731171798,112.72227027024908,111.48416451873335,1,0.28569140597007203,0
174.5518415280123,109.1751756228648,94.96542258187509,61.08548999722643,1,0.4067553539150106,0
75.39307269967675,84.88490396322285,97.17129431728189,33.956349042679165,0,0.27048438954368814,0
167.6431176326744,106.53373603944023,84.1786577113614,57.25974772363831,1,0.4226174568082532,0
101.25694305044479,122.73632113226212,106.74998097920732,117.68377873311533,0,0.2898810971114867,0
173.04439846311274,128.75920894980896,90.21395098798882,61.143698903172876,1,0.39259465847082575,0
188.6633625062284,112.39207898627335,83.32833038293249,42.135186793350954,1,0.45286104975674557,0
106.09341338137776,107.465013485172,108.96573927908253,77.47449910074019,0,0.283375739672256,0
114.61378765361061,99.68645536923572,113.12860120669352,31.856891778270395,0,0.2999253532868138,0
213.19120323760774,127.26657325255734,62.07642256556045,12.800146060605014,1,0.49858593130599455,0
194.30699417001887,121.22609637149745,67.97139458735869,18.95004774163531,1,0.4911710127479873,0
211.24215074919618,120.0563766262288,73.33822840567929,18.853317319101603,1,0.4795917464297482,0
209.08106632527884,134.62452255761747,77.38547765148311,21.620712447426143,1,0.46908337427196845,0
197.14041781046168,130.70131273204103,75.78709762679384,20.103952027331577,1,0.4712191995663953,0
102.30866706962192,99.44056197597214,99.70747379889525,78.3414703971729,0,0.33582993497138247,0
204.5515571172379,104.45873277702944,62.72513258688824,25.0980897903008,1,0.5153159891922333,1
101.98918246162653,92.93385513758992,109.6583065654103,44.09740486556813,0,0.2805903289465051,0
138.56094475788026,108.41089711992407,111.4210183935722,108.02745554909737,1,0.3370714503067525,0
189.7613547315439,106.26803698208708,89.42787292994646,58.97955027049319,1,0.4266446332842303,0
95.90163378938658,109.15388174270012,99.08199931523961,81.43669766843915,0,0.28383318641762934,0
188.9607222919456,131.0976824163973,71.30699376177822,23.98910505938906,1,0.4572980656712866,0
200.5092769466675,121.66817509281465,76.4752699987968,26.30552618180581,1,0.45532066198797855,0
218.48853380191622,120.8294637693311,55.94759482895111,8.740759486911548,1,0.5318250532338117,1
105.25914312224144,100.70332616711697,124.54835799714013,23.596467316371086,0,0.24753656561662116,0
99.10566130084408,98.3573453193973,101.26483949872322,36.3164793277072,0,0.3154109110827795,0
188.84680678879516,115.09675191419669,80.04768253541694,24.53321617610263,1,0.4620770234981643,0
213.63543738773754,125.87449294478192,62.815184257652156,14.28949391581845,1,0.5034170373042183,1
200.1583125608708,114.50359722999832,61.06076209999269,17.993761047669693,1,0.499335467326973,0
97.32380188336472,82.17711201676563,113.63112167605371,57.450337091796186,0,0.2530948028065734,0
97.44962186421094,80.37839462177703,101.81682678744414,27.93471133507193,0,0.28857647454692875,0
175.32066072975257,114.5344161117188,78.48098826498898,46.25530388157675,1,0.4575651693130676,0
163.60654006342855,98.79759340634682,87.08634161610476,62.3964034191634,1,0.4022775430520679,0
156.80520299499977,106.84620159595208,100.8770811031946,84.08580012100637,1,0.3553495744359284,0
103.48731232507711,102.38624664367565,117.8534283167107,8.560208221567477,0,0.2835817974214805,0
108.32771229660001,82.34511930098533,114.50929329944282,96.73160627344895,0,0.28419846036548174,0
156.1727363802182,100.42316911740126,83.25211924684842,76.8364451809453,1,0.39553374137833675,0
193.40590832869447,125.18410927340929,68.92207464402166,13.484047706069141,1,0.4641372003849728,0
132.11003103425764,91.6234558835575,107.65417376450198,105.33512039638616,1,0.3191751512376924,0
113.08269783342242,111.5905457621164,90.87596626211635,110.82119846169033,0,0.3308840575607756,0
206.81748130149833,124.1879668891624,58.50368869483921,11.085043343164195,1,0.5023936175178002,1
94.0399396703792,92.97057888702292,106.33158866731094,36.117807185075634,0,0.2704959892152256,0
128.6818211324367,85.70795366037018,109.02284749984139,97.51934845599511,1,0.313422092691441,0
150.84053809023018,101.69457798852613,104.0414960002555,90.79812408450437,1,0.35359206494229484,0
196.59793135289573,121.7634991065443,64.58466971872937,25.40443824533977,1,0.48386486411225843,0
194.191484062818,116.45311034379395,62.255496339039794,28.284521507058393,1,0.49395473448729377,0
187.17733856524677,99.05174067431663,92.29187724653184,46.97476392380031,1,0.4223785452197722,0
95.72828626994044,99.94985267177746,102.70574000139855,60.20466628215847,0,0.3047643251329963,0
161.46694272982762,93.01215768723972,77.29168137541784,75.71755349751433,1,0.4392172268224778,0
188.75049212585154,108.31331061312696,78.23968063233072,46.7939821900936,1,0.4313790600293191,0
169.30451037499577,110.88815142574009,98.07410679123299,57.65402707144516,1,0.40539714748247496,0
102.8285161518078,83.6466773870418,112.75954073182584,90.70662882351576,0,0.28276001699372266,0
105.55660530211433,93.41260598652023,130.38004527822005,8.255251535309355,0,0.2445690004408838,0
185.66114447357967,102.65135984213043,73.2752489142182,33.28268554390641,1,0.44110235032382916,0
112.57646862942478,102.86872240671335,120.89186601842785,86.74855196260808,0,0.282400643403061,0
140.0874423361317,85.74219884752257,97.49506666077312,107.84399317171513,1,0.36211562125246605,0
156.39591899915476,126.73292191528182,96.40534851429283,63.35458328541727,1,0.3701978817626567,0
107.91532309825749,108.76737922675147,126.94587630325128,65.72516429077662,0,0.245250967385572,0
85.27532552496399,105.87779184269394,124.42944932032981,16.43195331541402,0,0.2307734788128135,0
91.32187969269292,97.4375275939773,115.70139678059336,55.89983455152074,0,0.2504678819057342,0
169.57140159188668,107.03309149517591,79.99223390755063,65.78360290878268,1,0.42692695759987065,0
191.18820496687988,114.66110972039208,68.25480295841429,32.126578421628636,1,0.47545721657287227,0
95.39277936333363,103.29978532643227,109.42820052204425,35.2322147901282,0,0.2586935447451823,0
182.81890042649468,105.23802017502834,85.62251671331838,47.76496292013623,1,0.42878013764772205,0
215.41359493183307,117.95576086742383,58.57945206703024,6.328258942216259,1,0.5232185484580072,1
167.77794434497915,101.90205312126798,87.37295199370051,41.36118320764868,1,0.4114149557016223,0
194.38829561239913,103.73699252008993,81.52106910282974,28.52796881159918,1,0.42942000044359485,0
178.19733781538577,110.62738204393531,81.12864474190242,41.9896928526381,1,0.43207369756223224,0
94.0923346653914,118.25003421977163,97.26439607615688,17.89240729103314,0,0.2856030555733717,0
154.46443488263742,85.34200409543229,106.28555950170185,107.30116456582782,1,0.3675597479085935,0
162.22591614690307,111.382568850709,95.39737265497799,72.85672461226964,1,0.39966666827943054,0
148.5118716599868,107.55526058447165,96.61877616381628,82.7758690207608,1,0.35178772165915767,0
88.62412989522637,70.88641881502753,86.28437364745619,95.54386367845125,0,0.3098802108275416,0
172.34542386786484,94.26031655424227,77.62542501562953,61.81929507577065,1,0.42573164525892504,0
211.62512807516376,120.7520317118117,55.99475061318435,14.082753418141149,1,0.5404243288782014,1
104.65985264789275,85.21179872625113,117.10685809121794,66.30435885095154,0,0.26860494355272757,0
83.86057451695338,78.23885710838987,119.29777967282857,72.07356969042198,0,0.20374648871087156,0
119.64109558096776,103.45494572871874,120.3407420556596,90.47097900538228,0,0.2769349015736788,0
94.8158322141962,81.30594987617272,112.14041543244575,54.07250736264281,0,0.2644747124444852,0
196.9228550232432,120.24446551710867,68.75317367888475,18.799315124285396,1,0.473530069420192,0
115.17812029730857,84.68991936052295,110.73964852778141,36.918005072652036,0,0.2973083127846741,0
174.2192192562432,114.16417766703852,85.71156163218961,46.11754638224167,1,0.45009313396516687,0
97.87827912432358,100.86584453562006,105.95150755421017,78.92639999446574,0,0.2745942215882741,0
97.17234912631537,103.98362183485607,112.89562555714761,70.21028334159378,0,0.27302874045639786,0
107.39819905208033,101.1508584480905,107.97097176403908,45.30722020415016,0,0.31823815259418,0
91.66530265947951,109.32503250452173,118.63140356082542,118.43576885998564,0,0.25896162195356814,0
148.14269511726314,90.82419106126805,97.7950857610742,74.26987904539891,1,0.34858349811482625,0
194.1742163535193,120.8460810590396,62.74786094039625,31.51830784137536,1,0.49691124362083766,0
117.24917332265821,101.41221268484935,110.40327944471316,15.806766823966834,0,0.2902246966341995,0
112.45215483061442,126.32026226292004,110.92868784869204,21.731660145382516,0,0.3276817059030101,0
191.1546165194359,100.97515860757018,80.38368364060645,32.53109649260294,1,0.441865142930029,0
198.6662716105964,131.2575518535908,69.9183547097986,22.639039298108457,1,0.5208819134924496,1
218.0455862324713,125.09038831005101,71.65795739991026,25.64177478995147,1,0.511350578187838,1
83.9894660891388,96.58614583098952,106.38315450419658,37.07103956848626,0,0.24561772872883003,0
84.25095632178997,98.65535111196574,104.30233268049884,24.11133705419156,0,0.26342671214118524,0
125.46115025274469,101.1965653574332,104.16710461947449,108.02478925666531,1,0.34259000999525224,0
217.08180428280977,119.84817273923285,68.7832792483235,13.307114496750497,1,0.5071040869625261,1
84.9123862177737,87.29629035434121,101.37707464624575,64.84332119014954,0,0.2713977459025992,0
78.32646324110729,89.72742958424183,117.4641113775554,51.60603193080073,0,0.24052990438459096,0
106.664005284389,83.31108272526473,102.33406665160558,117.95591956139835,1,0.2990540723599063,0
220.80396086006252,122.03227045183945,62.14442947140552,16.996512651494072,1,0.5051723807639266,1
181.32420551121223,116.20173311889664,94.72639291902793,50.15124948930603,1,0.4106572573443934,0
116.00484959503675,76.53448715523012,110.33087346673953,116.45857025994279,1,0.3110839050455743,0
137.27801051922808,80.20843247792759,98.6453115425324,104.3988266037017,1,0.3607479038440251,0
103.29138870371017,82.2550367044027,106.3638832333061,98.78036023011647,0,0.29084752656110374,0
94.2700037343688,114.01810082621272,125.49996532935845,33.916727937213025,0,0.26170752395532015,0
202.77010260170496,110.06832349070694,65.06776494024369,23.822960137247634,1,0.4633332427584842,0
106.91950717788971,84.21530532130137,129.0049027551751,81.56261351123399,0,0.2561670211828898,0
118.7158200993264,88.33493736335777,130.62377199466493,111.80761473879996,1,0.27312269236054537,0
163.531750966547,111.92345152741657,89.67369717728498,68.58449558961586,1,0.4322654910373949,0
154.00737634276632,103.14330547743603,78.7451031344862,70.30707197850839,1,0.3963669816225297,0
191.64509099156706,98.66496400336199,87.17485679264385,36.47757486459297,1,0.4647783600260286,0
112.30051498037304,81.25893503564446,123.82605531608094,93.26118025026469,0,0.2695623285681142,0
111.09695811409041,100.51406808975317,107.98183659041648,25.697074832672712,0,0.3098717704265587,0
177.41115065593462,108.1637310828294,72.51044578135597,41.54679142289227,1,0.48156987983026717,0
180.75023420166897,107.27776013783371,89.16668022621377,53.35062687950435,1,0.43461385025455745,0
111.94045418104382,113.490107392126,117.45997980915095,62.88280392739678,0,0.2967992334858827,0
191.35676130688293,97.65857948086463,61.23960604428605,32.11952896014931,1,0.499778563882863,0
205.8716775682239,135.20403115190697,80.44950426753365,17.32107166974761,1,0.45450930092587993,0
104.19876705964869,82.78451882003077,105.57939492368935,74.83192492322938,0,0.2894216707561765,0
186.36830000272096,119.48471896135847,87.6478599026506,37.48114417586967,1,0.42279663151051333,0
160.07866832614684,102.6092294150789,101.68487681139555,71.42363368502302,1,0.3797143710351396,0
222.71128225173356,130.58855528008772,63.03321755069872,21.906074971807467,1,0.4729545319328399,0
99.81352232405186,79.07492026752047,91.79271399979125,59.81225181515883,0,0.3165531237597639,0
176.89643943003287,103.6878897833592,85.58924031494686,65.78037417598395,1,0.4277940679695201,0
219.63192829489185,119.99107050058947,51.52171393343143,10.011530271401522,1,0.5273569736046158,1
128.7880147825211,90.30391349781533,115.11215622345784,43.046096270494786,0,0.3163336296559782,0
217.74221176946025,109.5388724254723,71.76317616968942,19.59210252492101,1,0.4708739164254163,0
105.33477616279418,88.70758107318059,98.3591820226806,11.351496574841057,0,0.3375663539693412,0
124.08378443431539,77.74341663015326,112.31688063558973,118.83538695723365,1,0.30618139498616503,0
104.04420428320407,102.05155247797079,80.47708504652522,41.39304601706787,0,0.3464596731261019,0
148.16735462673432,94.39955840396225,105.63711589996873,97.94543571913765,1,0.3433626253892326,0
200.8231572433232,121.93199789272704,69.46863996594544,33.538315952596605,1,0.4811834988948982,0
145.78265188505046,99.42855328003212,102.98077366391018,83.0543157779758,1,0.3812472527327708,0
132.62399598720683,83.16344842881166,103.63584351948138,92.18643174720364,1,0.35450533447939536,0
76.23564842850767,98.87362326158507,108.12205265721039,73.09409391050994,0,0.2532608476587033,0
109.02849260358106,67.86272713538551,108.2327940856169,58.702837871818375,0,0.2954325646414739,0
176.34718170217454,111.75151095611272,86.47234288950915,51.77354604108315,1,0.4213410467228655,0
192.84223931165025,121.59115974251941,80.5223440782686,44.468718918987456,1,0.4308389003379647,0
97.7269695167068,83.41991597498041,97.62008731511655,111.8253807327478,0,0.2920822019956465,0
84.89517902812712,80.90285657395279,96.13027135039559,100.35185130337658,0,0.26920146228907665,0
123.84491384737095,80.94888042196226,115.49609593884924,115.94312163731546,1,0.3179789041665601,0
211.43871545403962,123.81349251204146,57.47308678380999,18.418477924323188,1,0.5175552169436092,1
128.04102939177088,80.50895636664073,103.54075344878558,88.78062712362274,1,0.35605668004233515,0
97.88027006194336,98.0206207492746,103.11997210830647,112.84749299124039,0,0.3074955461893485,0
200.83773980888864,123.70858877643668,64.50489688386816,25.023035675216576,1,0.48358196384331786,0
219.83932580595973,134.1966545488873,60.05010329108592,11.71356701454619,1,0.48392116787082284,0
141.0897843219113,85.19702417021824,96.2661397536806,89.96999531764685,1,0.3868345229177299,0
82.39910839496304,89.23882886361704,96.45615237331138,70.63888112886978,0,0.29148206816098504,0
140.24757648109613,107.5009405882094,99.1493093876721,101.65213810395956,1,0.3411511923902801,0
198.07243781552032,113.17375312911518,72.21329634146792,20.213595688649583,1,0.497430510885303,0
130.27349324748772,99.30568449842114,110.04292503216831,96.25100817574726,1,0.3323541710600288,0
192.18126261101222,119.73698119073416,76.29361634338157,27.388769125538367,1,0.46285916622125034,0
199.37038932840176,110.56992954760415,58.15546631622678,22.98408937242172,1,0.530279277534432,1
195.94968221703166,124.8046255929649,77.5329719127747,23.05483255999518,1,0.4806964198459595,0
120.27991525417383,98.90122210379633,111.70312785874424,98.49066754684033,1,0.31886137006270154,0
159.54079824113103,95.35603503103337,103.01078184010544,81.16287760075922,1,0.38393242312547726,0
176.30267593588158,113.90806966432987,92.25287415748228,64.67558927321784,1,0.42478741466556863,0
94.23189125103775,118.07724830274847,119.94086637398289,45.62433615832629,0,0.2547490282256059,0
101.18954110550314,91.54566348966546,100.23945665593888,105.75526273432055,0,0.2978275014717186,0
177.11837401089844,112.38481959623662,96.16292595786096,49.523632461025706,1,0.3956267978569475,0
93.67847265052468,75.93660439962648,97.96490819149469,98.72553497870294,0,0.27876235093332424,0
179.0073139547075,104.38161705822677,92.72755040954668,54.939649394145334,1,0.41229721338315,0
185.5754290653369,117.77007837181972,81.27069247837208,47.72555381328928,1,0.4355561098012267,0
166.06756366171007,112.08968952288377,85.52476390723386,57.670855137674344,1,0.4200880825693325,0
188.1894366154414,121.39703597039792,67.10087547705263,38.959833403040484,1,0.4702826087371432,0
81.60387590518573,76.72691176288447,113.91567133176872,90.72268810044513,0,0.23453064780853045,0
116.05567054128167,96.04208459939686,102.17891709359075,62.31556525072758,0,0.2957897944800912,0
98.38227993783902,103.17036131413401,126.630308691293,30.936672637030806,0,0.24811422781655246,0
136.0202447491292,103.74523689316243,101.97341012598417,108.35065049984995,1,0.35230585424932914,0
180.2277949573578,106.11291147941141,79.10119122515135,48.53138167929252,1,0.4410941660994253,0
175.4068965872758,119.59253254774968,87.88945461672989,67.05213188922268,1,0.41997976959343036,0
132.3191316411031,89.31267880266806,110.70471832868668,109.15076487188745,1,0.3023033139317804,0
149.43495711359222,91.71707095076015,83.71873774672126,76.41160752602309,1,0.408951255633277,0
216.59348249252633,132.99149068260638,57.9297854634441,17.560172722170233,1,0.5228058053037665,1
131.39945423100963,88.49861234157855,114.33447446723012,113.02052633916311,1,0.3252017562449604,0
152.44386936740176,107.15256838005499,89.62441133547303,76.81413415628447,1,0.4105424318357708,0
92.51866217174121,88.82775820464319,85.96169348428349,42.84905130022199,0,0.31635995344374906,0
117.75499394985732,83.60306361835474,123.72750693905633,20.15556042895292,0,0.2856514216302532,0
101.34418853811532,91.03202544661231,106.48167709688207,96.10692195535434,0,0.2885765933823401,0
158.30463838529334,108.35682876079441,104.67538109981223,75.92843968770757,1,0.38351572787261445,0
167.58923049649866,105.29973105121218,88.02770570742842,65.88148666925329,1,0.3913486157985445,0
143.85670930168513,94.41667736754228,105.33721539429533,107.69153963391109,1,0.33946919755555444,0
107.17577277615376,125.07698363095116,116.59167131468408,95.47727650204557,0,0.3127400587477641,0
203.52984635595425,125.0310147506943,73.46397605329906,21.594286048999138,1,0.43768376787684393,0
194.0640180925702,110.46998927487843,77.09524443571419,40.15975986428359,1,0.4598918873405404,0
106.48651551070047,96.33652246531582,110.83204285677817,32.82474021847803,0,0.3060354011833656,0
147.9352747842157,100.49994770831222,99.90076771956782,90.29776993843053,1,0.3677216294033957,0
227.8996487734062,128.72034330993867,63.84555657634274,7.889762429350409,1,0.5044403566721312,1
159.83296329930042,107.1139686615493,92.28102680149813,70.10720344507271,1,0.4000942154684104,0
136.1812556161139,88.34396120014294,95.82856286092408,92.4452075459201,1,0.35534829482649855,0
126.6959440042864,101.72349163456028,108.99113741423776,105.70481386436293,1,0.3245450900295183,0
174.8816999920565,127.55903685977636,89.79800088185185,43.68148285104527,1,0.4078354108264444,0
131.00036528335048,95.52570182060495,108.6116249060286,99.26584734195349,1,0.34612777686036905,0
203.00820063894307,134.82034442246396,67.93269799957771,16.83328148680404,1,0.5042804815223907,1
101.13167029494969,104.1969615580477,92.76046902260723,102.1884658412041,0,0.3158771885924603,0
204.4677093128385,117.3744482249839,70.92754974616152,18.78868483050996,1,0.461026175897861,0
185.4804459694577,111.50447610172648,88.20414068088382,50.0853257050026,1,0.4244622730116251,0
132.33273186680114,96.8622388571647,108.48754209684121,96.48626243042823,1,0.3291046112598556,0
102.23790085212693,92.04316476640389,116.57596701073177,21.390421572457758,0,0.2766289393069424,0
198.5920351690654,122.29194163995948,76.29533700530624,30.593161846986412,1,0.45041714777938346,0
155.09356307366272,99.2267396494155,103.5926730742693,87.7812979335957,1,0.35918884051345523,0
103.36102364963322,91.55478533238387,121.32977294511814,87.52423823934463,0,0.2698355080093675,0
94.89449204704026,85.59229044203695,97.66008051456261,78.37312541469448,0,0.3047735391973201,0
140.84951249835115,104.35794036333179,83.59913176005095,84.4980195581836,1,0.38404730713061525,0
95.0875455597292,82.48104641308983,97.49302628363982,66.95603542832116,0,0.27017144374333035,0
193.70080569067616,125.6152776603794,79.84305134715842,33.20869083320652,1,0.5033509431183139,1
187.6753970544994,104.94039772810085,85.4456598684636,44.100735246454654,1,0.452108602347942,0
189.7074638641967,123.87615227406094,68.72295064475549,25.065335148965378,1,0.4686510852874173,0
121.68922033286975,80.79043563720974,112.29594935607282,109.38026511470089,1,0.3179471715976762,0
100.4813878511134,98.56488511584395,100.60477914978279,71.67344819286997,0,0.29724650239853123,0
170.3309123457212,106.64644753461712,93.04165452930566,50.49876434458223,1,0.42112371128250203,0
175.71175598452683,101.80832625646052,86.19243299916047,57.59267322271939,1,0.42974766705617756,0
88.8863396779417,109.30302792175965,130.8236630661087,113.88486739497058,0,0.23109610125416463,0
102.88263845751496,78.92979994696547,114.93586562992691,21.788762761465303,0,0.26585389564745276,0
150.13759638689484,108.85908371158901,82.49560529539116,72.00266051394848,1,0.38504818772951815,0
172.1824938759378,104.24572919758582,86.46821789528494,62.68308675059805,1,0.4520676397155499,0
162.56447137715205,90.80236081120566,103.69131003936607,74.92869131041915,1,0.3647092104263326,0
115.15820038319718,93.45729839886323,109.64352131445663,6.1007813232174986,0,0.28317760383936025,0
105.32122884439315,100.06647361936776,70.19995426654816,105.16637343752157,0,0.3713651914350441,0
104.94760741934508,82.30936681979765,87.34334347491318,112.12572076809904,0,0.3157990615629062,0
157.72639073683456,107.04246206245439,91.5302092962048,69.55544929634824,1,0.39647215323318163,0
141.25531621929076,99.59296209017467,94.74252769570523,84.8114955697195,1,0.38106165478508824,0
111.79072095281411,96.03053375143797,113.19682275231338,111.0099282165663,1,0.30739202468965754,0
151.09746572810235,101.08814141111648,93.7694272640982,86.03968158035424,1,0.39719122494377707,0
189.40280368072496,115.83538457534988,62.76326201678597,21.694528978054315,1,0.4819011513324937,0
113.31455593230814,120.99030569986296,129.01197071524248,70.84944977935032,0,0.2769330513733356,0
155.90995978766594,103.4682297257134,102.64298276085874,74.37894538041128,1,0.37991501107635095,0
181.1005106442749,109.01893421199566,81.58455377747545,53.19915787107678,1,0.41487841782814866,0
106.85971618524238,104.32477136727513,109.48162836200238,89.42753133246785,0,0.3028623726063007,0
123.70893961488518,89.60119147905836,111.4948461365667,112.38657371320572,1,0.2902021524345094,0
89.62874241759995,110.94463202289305,97.93028654468311,111.36594749718606,0,0.3210597967385572,0
175.76599166360683,126.33377533412505,76.98950553284901,56.297367082879326,1,0.43723010350772434,0
208.2495698928559,121.64829500814183,60.816616888552836,17.135613317527607,1,0.5014671757693104,1
125.21949148544253,83.43508158701667,109.13187800635836,118.24157907963081,1,0.3056801974405311,0
123.28860799123619,92.82398282368912,109.00099199180546,101.31217802772835,1,0.3075479155621757,0
106.54632987785725,90.14978177593729,110.98950979494965,18.460871019578953,0,0.3201180204854005,0
132.55170169909616,77.89763989481152,123.01686118031931,110.8176583836152,1,0.314871734312557,0
124.44321997204896,76.90061700996188,115.27288050088855,104.90797799920688,1,0.27912426242193833,0
164.55967735508608,101.82073762067482,95.07674021819612,64.18521462662437,1,0.4205440130895417,0
159.19558291030245,91.34205783168058,92.43186501646002,72.58795054641179,1,0.41491273500137743,0
87.29720806057882,102.59684652899965,127.97155926560524,50.28431364893511,0,0.2238185497269894,0
214.04392131308526,129.63536658414668,63.218787712856795,10.352350103355635,1,0.5062583866832472,1
111.23967450096819,107.14944827144845,134.16036084771372,42.882880030924504,0,0.2596071955714748,0
81.14432592948032,92.58422283898531,115.8542181600169,97.13100003736933,0,0.26162213461632833,0
205.72115089543715,128.7838671313072,66.9923638402148,4.537314668533932,1,0.4762101589216926,0
97.23604118161585,102.05643225387932,112.51639173506491,42.68590391617273,0,0.2743328010176689,0
188.8084928424921,99.31484775917768,79.67675859347293,50.18756845654942,1,0.4472745595541673,0
167.81289321484778,110.86491806034225,86.67391018688456,66.33788994079904,1,0.39616797610654475,0
136.4751338149209,94.2074241122132,115.21831097267635,110.70325150388021,1,0.3575270783488646,0
88.83656750731083,65.26796017434242,111.27700561115968,44.1761353464515,0,0.222659980904903,0
91.85160353855065,114.53848966473093,133.00793610512753,44.246571419962414,0,0.23722874648288048,0
147.36934811452483,111.83279317984326,89.93349987008578,89.55014478073082,1,0.36241626906452507,0
96.95741700645242,79.45540107478986,113.45286615751536,56.45728114321763,0,0.25383163777144657,0
196.11396978057687,119.4966912626558,78.13950367809005,30.05415946103791,1,0.4666417238208384,0
173.12207112011927,105.90381201549165,98.52595219932667,56.482983871392435,1,0.3883723634876534,0
200.23917414424284,122.38655752676938,60.93652584714138,20.339414364056783,1,0.5064135649517768,1
101.5829185895485,72.95620621373311,95.76676606205002,24.460890434721904,0,0.29828405293006965,0
161.9436859743143,97.40590049831795,85.60406165330471,61.81066163777965,1,0.4314745233543194,0
188.42948167865197,104.24939524139313,93.59684044134565,52.59535214252756,1,0.4459367005745425,0
132.23047588667333,98.34446985906958,110.22804990357689,110.1221245238996,1,0.3199921640713317,0
170.44080702030993,119.87612093674109,74.74932305409514,46.03769229752944,1,0.44457269135343835,0
163.48432048372052,100.70248523518555,96.61214760356872,71.34824863225305,1,0.39655785105758506,0
138.74757343989907,106.97731748334547,92.61624833410174,77.34265739866552,1,0.3817075916979462,0
110.42639358245219,99.31209971862273,109.01882181383478,5.518956964246701,0,0.2993784587264802,0
159.60657256896323,110.13804658028,90.86199046128873,80.97033515393844,1,0.40351659012419,0
194.71767555737426,121.27700259795323,83.43720591953345,24.652172156891165,1,0.4451207382171499,0
124.75158421226399,93.87286598718677,115.6197030970056,115.4841568264568,1,0.30888281992009836,0
98.80339873164378,83.29818288958852,105.34273937965933,21.244876419361102,0,0.30042497653464456,0
101.01135494944465,90.41857361769539,105.69265058101695,52.09639835233475,0,0.2966728656894623,0
199.94493805594493,125.1325865991429,68.41613258101283,13.900561497122688,1,0.4920619086047002,0
83.95095206031779,117.26785256206973,95.9353278153039,119.6374132141299,0,0.2978597458002688,0
183.82184652555955,104.09755104316376,90.578549846729,62.25462119842414,1,0.4244400509430586,0
159.1423470338452,119.31652568525122,94.29188571945993,73.06466200912507,1,0.3984849504857492,0
218.27431146905218,126.84267049747528,71.48115441595692,11.780871377057588,1,0.4731921097404195,0
154.90229518565988,93.96618629605717,101.86796209822808,90.99541456630462,1,0.39238345723993023,0
190.43591880711963,113.51928366520178,66.14774218404683,28.34904879908795,1,0.43896542958964857,0
90.41585084654587,116.58577414000362,117.39444662330034,108.1742975751228,0,0.2568606857380548,0
99.30557087621031,90.18249826263751,100.87269667521775,27.79619829591283,0,0.31073316050498023,0
100.82671998882655,104.48942640229889,102.16190801368086,26.11977559698532,0,0.2781277591760317,0
217.63657898941236,130.94524886446482,69.81583948425919,8.239761470379007,1,0.4972580678816019,0
163.9950138113503,97.40519611022505,81.12106578244364,58.759765632759915,1,0.41551904940743545,0
91.06631047050155,69.29645283991343,121.77135600946393,69.52157145846351,0,0.2214529851750895,0
206.06706433943023,128.81096864940355,60.8687073434957,11.622202173688875,1,0.514805813265752,1
139.01789480344405,106.7158573406816,113.86338210057022,93.96120353662123,1,0.3359591698279031,0
175.58744865027433,103.38620406935998,75.99404956420696,56.5815048307712,1,0.4174866200628107,0
76.79749319858372,111.3494512739184,109.6546362524939,64.8292712419993,0,0.23075655940946882,0
180.8914089417224,103.05882478171178,84.50752448092852,55.128478644834466,1,0.45045855678612945,0
181.24516145161377,101.7108273497189,88.92843981816863,50.48851506153781,1,0.4342915105341684,0
119.4550710663253,84.8303587338505,97.78504065898093,68.91827843175328,0,0.3578025684102809,0
202.00822690917886,132.58752436718225,57.779477605394845,22.00786852796265,1,0.5280944648457054,1
203.5453968349385,122.82764236909752,69.74802076216815,25.10366313745145,1,0.4771506232141123,0
113.12424268047224,99.56139010570804,100.84646665828207,103.967132037568,1,0.35671847142231905,0
122.8359789878571,88.28168606124862,112.69219556266741,113.7493936075014,1,0.3084918418929444,0
107.09244175216216,85.82051985068192,83.11369638652592,47.30388068845134,0,0.32997617119642725,0
181.28656892716708,114.39134338487908,64.05194841250633,35.406382084652236,1,0.4674372039133687,0
157.50396402938762,98.31328292945986,90.47108323440835,78.70394701572583,1,0.365201437276723,0
108.04254453358415,82.7084686982264,99.50793868989557,51.41316384737918,0,0.33301924249024717,0
106.40239869352045,121.73287451356921,100.69971375388694,6.944817256600004,0,0.3389887394050407,0
103.27126922453364,92.94473877122341,109.14065540296673,22.113701294478084,0,0.2698527482665092,0
143.7295733251396,102.57273311368334,98.68437924412359,87.05277854629811,1,0.362994247745883,0
151.76398392281845,100.49147300197868,99.77674199159951,80.43517726157756,1,0.3754759029379629,0
89.00059068957832,69.04924673029817,107.53709038564256,7.143135130404085,0,0.23620584942012104,0
105.13717153650946,92.24659807673167,114.06123682658885,29.748770784222135,0,0.2523422669665758,0
195.88963620204478,118.95331900617123,79.56339343474313,30.80467640421628,1,0.45430182230576033,0
145.65077823435553,104.44032626916845,92.42953401983944,81.93955825745249,1,0.3763809634276387,0
205.71639200424457,119.63921867009813,68.35078376258596,6.2864223795062415,1,0.481652746268287,0
84.95590877582366,94.70126496801306,114.12884684137599,16.076595510210566,0,0.24707793038326795,0
144.3776817543662,95.33495094697265,111.68042688905034,96.79026590328996,1,0.3633163590729312,0
192.9728232574678,115.70685371530864,69.91601856534993,24.7111807983027,1,0.47006596386198835,0
160.73071968708624,95.99055017408745,99.2063806535927,79.71854851081747,1,0.38808129142166603,0
83.5648423174405,103.32859767003359,104.78389613484553,31.629202601420275,0,0.27402992640836965,0
90.83695588245229,108.22205093883805,113.06161192873397,15.535201560084039,0,0.2711589299620947,0
199.72277363761907,120.3714756982695,76.57450115238414,32.207974155936675,1,0.45705294265006124,0
104.79308056303587,73.76336416749821,108.04037266380749,87.78296409525646,0,0.28382038471025717,0
106.819794520387,100.99633258920174,123.85514060276824,103.26079030032915,0,0.2756400199990273,0
132.28064260742357,108.75023010905396,116.00879139453686,100.30550428977102,1,0.30382892120162064,0
176.70052613612458,105.19721884968448,69.93261637419927,50.07328943574076,1,0.48070835525439415,0
150.4382280177948,103.17775159579962,92.55950832616709,81.49787584219496,1,0.40813850285138004,0
88.3677693000536,110.12335949123884,108.86946829300844,27.778178268235234,0,0.2562150351494935,0
186.91485943650912,123.03475295023046,80.30551277581218,38.00513671027754,1,0.45044340053726634,0
117.63192448538177,80.65258303073477,120.52172871222919,107.97495494844989,1,0.29259618630680245,0
99.47569318366362,98.60365465789482,131.32143136939825,5.50822312724538,0,0.23354438098142236,0
206.12183807044406,118.66945613960517,62.82567799170125,13.918989579118296,1,0.5064736301640749,1
83.24213401227286,78.51724459751432,114.72321160882316,28.11480559693917,0,0.23242223530871314,0
212.16990739189788,120.1286722054577,63.46531598999648,7.0777356493630865,1,0.48016902721984506,0
198.63379434243856,126.3640118698641,73.38143572377444,25.04651047041649,1,0.4773893680687031,0
101.90689196081858,98.45426451932215,118.29390228956638,71.63282107248429,0,0.2515590362956317,0
105.96109813918693,88.624612866201,124.42079938547539,52.88524786872976,0,0.27393378617566305,0
125.17694611443963,87.26009437031526,116.60188854502249,107.54991848492908,1,0.2940448711091279,0
109.11424885555108,92.08057232574757,133.31385227842344,98.82345316165915,0,0.2490823356612004,0
94.46314401717267,111.65336521867559,98.3551772192925,43.650812796953616,0,0.3185603574198667,0
187.6914447320823,111.88230794412684,65.76328731655278,34.09311827802993,1,0.4869402012826813,0
107.944448209685,71.430127034256,103.2152878448733,48.04431934740296,0,0.2809276183977281,0
153.44485369398893,113.53451195108674,82.77263365701972,72.47421333171769,1,0.3946034945260883,0
180.38491473978948,111.39256812337588,85.15183307910377,35.09538233545365,1,0.4242996776869764,0
152.68330562145687,109.55219351147959,93.88281555305453,76.40127331049955,1,0.3928772299936177,0
111.49451336649874,83.6614033503737,103.26177743402133,51.491751654183886,0,0.3126003775928131,0
82.03360912037567,93.68643205633326,113.80881602969721,68.03747297882971,0,0.22552943163698919,0
170.04838442538616,99.34311374697985,86.90268263716794,54.590677379696736,1,0.4026647269661504,0
184.8976606671338,117.80446576112892,78.95453821698811,38.15802810686245,1,0.453196792153233,0
117.5692605228797,83.41042848777808,111.94412532741153,114.02058360761018,1,0.2971417091726825,0
142.59992653489158,108.36337048819142,99.40309146238447,92.57827212253225,1,0.39656087354756514,0
111.4593513184212,109.74307718854332,120.47330094628087,20.253128388908497,0,0.2842177889471989,0
100.79120543012637,116.0040462156724,121.55357448618088,104.74228520415788,0,0.29489171380775325,0
155.26138556707411,99.26662629906417,79.28237807088574,60.54201899694358,1,0.4022365885569466,0
108.215519993193,122.13879399602894,124.82836113907372,107.7680583197146,0,0.25225823729319163,0
141.75618397196013,89.70800854770248,109.44914703011028,96.78320968988857,1,0.3247911248858899,0
117.5906584209255,95.92447171390725,117.59328225282675,53.32476651843108,0,0.31128865954840307,0
79.98368648491144,105.90221126947694,106.08278630977439,6.606439765133619,0,0.2815846436397523,0
193.49292212266516,113.42272640323904,74.24365430955903,35.16657368865374,1,0.45497592750873567,0
156.27625580804678,104.61740986107115,99.88914161939229,66.82956890066056,1,0.3725475793534385,0
98.36940432521497,79.26829195525859,90.88652639055734,77.48347349983308,0,0.29207192629213785,0
177.5275530737255,122.06515726426835,68.37110669166384,33.91497151025146,1,0.4357425845645983,0
202.55078151191958,126.57322112640443,82.17871261393442,20.165304592447598,1,0.4679000720609226,0
129.2922953200617,90.63973858044669,113.15876684953133,100.8519074687187,1,0.3208025906515933,0
128.83091140313792,86.1240485698711,113.32356872367191,118.19065296161205,1,0.3154910040487884,0
161.4536268473094,103.03002398916874,94.8727268424971,64.98006114711156,1,0.37390822225698095,0
92.34944333231248,88.47948778442777,107.50968351538535,23.914797158403207,0,0.29171045091461617,0
104.41192907303613,101.13391170701959,99.84991591913592,35.5876498762468,0,0.3003391041783421,0
228.79971208190486,140.94534789601667,46.073554346119266,6.133318479506141,1,0.5505386522925256,1
117.32071291245698,128.36708927851276,102.76541047674391,110.05866156101789,0,0.30641440542539927,0
219.94451833511997,117.96661992705992,74.94858411700125,17.65912561525637,1,0.4831611657366335,0
102.81115546913247,82.45383274118582,89.7338981786146,70.87591115965341,0,0.3255002373224707,0
104.20946091841593,101.22456143067399,117.38397275806003,35.790405599715896,0,0.2794949145934522,0
166.04599160201346,107.53265506993806,81.86963083228164,68.28464829183204,1,0.4279483656599514,0
95.590278224464,91.58028157347243,103.90720682694756,79.56476504881626,0,0.28889647489708664,0
121.03691167353895,85.98009810726398,114.28164673645662,100.25004923003539,1,0.2847461455244371,0
194.481543243269,120.16731221989323,71.40326775331144,27.944867524229974,1,0.47499834822738596,0
100.5106656756369,84.01953769509016,104.40641631725147,5.275516124383735,0,0.2879090030925427,0
203.04321162555576,123.54946106000934,76.3183165285961,19.878733087981644,1,0.47245921783516076,0
118.42334584692124,95.44985978222297,123.56161760944009,108.40216245438019,1,0.2851404348798877,0
131.77139023100378,81.72738766959485,114.97147758108655,105.37124899725177,1,0.29635388433761695,0
93.95247660929302,115.07682412308156,110.11438073866819,73.29991985175576,0,0.25646719487864245,0
168.59183721569127,113.4335818130001,87.30435377628915,73.65995581030379,1,0.383908039142583,0
151.88375605226705,95.28858718070579,91.45540871655106,81.14425424736564,1,0.40262032397629477,0
99.56096153952477,95.75624477047674,96.84519639618603,24.343068320320153,0,0.3166898391574803,0
104.01643044638466,100.36341549309664,97.07533615519327,110.07178572729534,0,0.3252566372426485,0
162.55454323248586,109.14979844860552,85.32719108872581,52.57738088748048,1,0.41942626421570994,0
172.2342143641788,114.90236291762338,81.13987388762772,48.444069276941704,1,0.40084748941183457,0
179.00773197072462,99.73908782297148,95.08726839440062,64.19445381280916,1,0.3980866223323751,0
209.93467855711026,127.38446044975461,72.95665747004308,9.448052145906384,1,0.48275645627440605,0
198.64553585191217,118.59624755534189,59.994428907190326,23.288870775705213,1,0.501339551530037,1
75.99284287888926,100.86724461810971,112.6514678912641,89.61189950545896,0,0.2292772354775691,0
87.83300681290825,108.69256351383682,121.22320839848152,13.60464547931467,0,0.24904836303044006,0
171.369634074479,100.4197285900667,90.62674969961957,73.96564469810103,1,0.41427218648018016,0
210.69982793172403,116.72813992974957,69.29028513021649,32.46049672303323,1,0.4919932698531531,0
109.91952866363208,90.72832045376393,121.8153083336469,49.15829122886928,0,0.26232836614682814,0
191.12460135547576,127.08162502481419,68.15571651690769,37.488473465401185,1,0.48911854467426547,0
85.54516871490638,90.74103693671321,118.6873133679458,45.2580351099341,0,0.22788609194500403,0
158.9743712411358,103.97059431368918,102.36311547292938,87.40932500137248,1,0.3579645617556879,0
178.6026644129496,113.43709245330011,73.61356514992798,38.4661190122883,1,0.4428897919459104,0
94.24847986205336,113.81839382216874,91.08175326061082,69.70293827444007,0,0.30766635514947727,0
161.87004089969093,121.46222918176574,83.16120755720388,59.22184665509556,1,0.4327416581258831,0
101.92248608114436,90.6729435027512,90.40020823969748,80.98585518206718,0,0.31982004953333065,0
119.40835908354246,82.50630776723266,110.76122372496256,112.67224976167192,1,0.3019989234865647,0
140.98836185093592,99.55072479273592,105.48064079194911,88.97836327638903,1,0.3308651080107312,0
93.66383365945431,99.37045003001487,90.81589398608348,28.933083916527785,0,0.3198126211418807,0
209.2661465846752,126.98217973223586,59.09845666154979,7.6172436671090225,1,0.4973103432882768,0
130.20877476612156,108.448318029733,112.09594073527052,34.42262913877971,0,0.32327956664622187,0
150.3035643544752,110.195109584157,95.9969335982104,73.02903996122956,1,0.40235277429564803,0
213.45983611263338,118.7283088016207,65.07349084678673,9.96539436417304,1,0.5078991004676433,1
92.78574145866583,112.30296531288248,109.1707800333214,61.57848467534342,0,0.25050359453309434,0
154.8662870219269,109.24009621507369,91.97978582740141,73.23377047435915,1,0.36660693921530946,0
178.61307276171297,94.97210280278914,76.5909729701634,42.77229133476745,1,0.4499569953943899,0
140.30095663646188,93.91912928490183,116.87947657602476,93.42581563451535,1,0.3086238068483735,0
215.7999705306211,113.84715757730821,57.19432869437009,16.36539736351753,1,0.5293740078164576,1
210.95620881316535,121.89562988445765,70.9658120775035,12.715982681353816,1,0.4865797064046958,0
105.33040158465097,89.74516045031265,138.59920109159168,88.469895719618,0,0.23798741993766379,0
97.99929705729447,103.70973655202276,102.81093381512524,61.47699267991902,0,0.28179364291975734,0
89.84415640288816,101.29175420835342,105.79403587519127,83.85467798561739,0,0.29774649348405663,0
94.84667386652454,102.34004364510287,116.21331701622259,54.43997127803456,0,0.30412375728545454,0
88.06234270452846,90.83227169422969,114.00697600465327,32.58263585573639,0,0.24362012275823766,0
90.30227103763801,104.84168710508457,96.97294598016317,99.01586885020717,0,0.2965714672433465,0
132.68111197875416,85.59094852305542,107.62570652724403,96.7322419604016,1,0.33314060247301974,0
94.93135816299184,106.81823565073259,117.48299129566291,84.5847906191135,0,0.25744231511578963,0
107.34341976568984,103.13819119771699,106.4160094406689,35.568835918675674,0,0.287947861756077,0
169.44287955590076,103.72927830451668,96.83170731597762,72.4667573568141,1,0.38371184979281947,0
176.67406131956704,112.35471776383042,96.11955960941651,45.872972045043106,1,0.39175728444484964,0
211.48082654017057,119.89793932151366,64.03758453196707,14.623520505889562,1,0.5066460690883192,1
111.29680488983331,95.48382587263546,107.97195337327952,110.40837475362017,1,0.29351897214363276,0
98.4502952068075,84.83073134424548,96.23691163134283,19.870961186599523,0,0.26120423313788677,0
124.56191766768853,83.82881514626041,108.92838633667839,114.22753304321309,1,0.323396758590984,0
166.27530794487626,99.96662276972562,66.3288767198913,55.73666966312287,1,0.45980392820228344,0
98.5022355455542,93.4641693402517,117.98439090982534,25.47541974527988,0,0.28086127090929414,0
158.94067196834095,93.43764797982674,84.72553513446708,66.86050989588955,1,0.4182587919941064,0
134.61944435855818,90.61242097828242,96.97311177588644,105.26171696166337,1,0.3342656324761474,0
144.38629549982477,88.27155829519332,106.03561944223617,88.9380868235091,1,0.3179255831870281,0
93.34844000319715,110.63492702852669,87.64400654715153,97.56109315192816,0,0.3068719240051491,0
112.19799794495168,97.35258558057612,126.92265678299499,80.41887053844322,0,0.25995427357719747,0
144.89167734041683,106.78106645392451,108.90446741851923,84.30408148407089,1,0.36346072316638145,0
92.32603637004036,97.93623526706634,119.93629120784271,102.50669558157703,0,0.24827052349140222,0
170.5520537351435,117.02984853162336,64.37916149549571,32.961489027665564,1,0.48279501511388995,0
80.15963416761586,109.79026596427367,99.27244180166704,60.77329578260429,0,0.25072237126944125,0
131.29205617689834,99.69760938486692,108.40173466632781,29.66029525107386,0,0.3456369391852816,0
80.88877108125578,84.30492737270305,127.00851671141977,118.56948892761105,0,0.21728292573301283,0
122.32742266992447,77.45129190378917,114.87964971786518,113.51088340364714,1,0.2696662664894572,0
89.71329549592443,100.73494936847288,96.43078565006617,8.573510118746684,0,0.3096317292708532,0
117.71207941786037,83.92431393336068,124.47699565913112,85.84672001181985,0,0.27859469881880566,0
110.18146414469471,83.83013752082303,116.61521157461677,111.32880482021723,1,0.2849701059339767,0
95.32821659163056,111.87937092215161,104.98463403260163,24.94674003477069,0,0.2737695495033281,0
163.48846642356278,101.24936940655542,89.84658907825595,69.88164674410501,1,0.42618703612670317,0
108.00119065098099,115.65457252740629,110.85409821061751,110.19664252021285,0,0.2793829820331004,0
244.79512372153005,109.60859552858142,71.59331688175223,7.937733515952665,1,0.5246951367501695,1
100.48192965274157,100.1880951907294,118.2415385204015,84.90075100063343,0,0.2788040593456537,0
201.72050248540893,122.35090329615042,74.48227115969942,38.49248485521589,1,0.45702303689675117,0
125.00878762506588,83.86894761215503,104.17060247277149,111.22995866367752,1,0.356548149544374,0
125.09633420257187,86.62665091281372,113.19831880239538,116.64275643918266,1,0.3136041216538522,0
125.02347475662478,82.13275277672219,116.02514744246015,113.53491273715834,1,0.31324275844775257,0
167.43206838926085,110.39477330944975,84.77648449167067,59.008849132265794,1,0.39813350309324386,0
128.77721364512294,89.48548229921164,92.28276057409762,103.99694751476036,1,0.38962382022445796,0
137.66296135952726,85.18741037895039,115.61620695081723,101.96773023006817,1,0.30521003753006837,0
173.68289801311184,123.94698968757427,80.13040438034734,41.015654896217654,1,0.4507975494358165,0
142.54280417227534,98.94470096917104,103.24663456560651,100.15419500147857,1,0.3408254165655285,0
99.27270631592275,103.94399349450714,98.18522682079926,8.292885626997144,0,0.29442986357136564,0
149.98669036774535,106.04677845195513,104.20748538134177,73.16730590391815,1,0.37588158459628135,0
78.55586317425508,104.26577968301223,125.09355705928598,30.681025125373555,0,0.23308015259757942,0
94.31922214938773,71.54886787050275,119.82252725176662,17.985758750164344,0,0.21939907429554417,0
116.09671879398556,86.20403634279694,123.61804480185226,12.926571388988261,0,0.2933388833670699,0
152.2263806107901,105.25768403652933,102.34646013178035,84.7694980018642,1,0.385794057766909,0
105.76603884864211,89.47816431051776,104.4519030060945,43.42549579709567,0,0.2831268387870741,0
152.66925355160868,94.46784990441,104.816852371363,88.07294549733633,1,0.389020324939518,0
215.83294896642386,144.1221714410674,61.81337881768118,11.581335532677315,1,0.48025010081267083,0
200.97747134274562,116.89798396941553,65.48358884526006,40.5736791883508,1,0.4807592608418081,0
87.61515996762857,90.52916025862709,103.70553744243843,66.58098991553912,0,0.2739658405537942,0
145.5793325036301,78.66648172021374,106.72138170991671,95.72388712131978,1,0.3374234937878587,0
186.63846503287812,124.36261506007945,85.88808770661494,40.97529034012011,1,0.44057638752974776,0
101.57369222082585,102.73996558918323,95.11220013102655,76.60339966669305,0,0.3169534081040724,0
103.85836929756064,97.60310621730818,80.90981160340192,106.7734187953977,0,0.3437411409592961,0
163.09326764539549,99.3904852204548,90.04162014416687,75.44012982914732,1,0.418749877650535,0
192.58967240488195,128.28114539011898,76.7561612455632,31.023299071421516,1,0.4551887096828091,0
109.143004571289,93.49476022511182,114.82249245108572,6.830490660558411,0,0.2878096839994558,0
133.29112873183044,89.54583641642773,109.3687845230508,104.93146937250786,1,0.3472353219422676,0
216.62854678920934,129.73282507347992,69.20730045220417,6.4672516586449085,1,0.5037977055311513,1
131.1823392955517,86.24777738813958,99.74920705669018,105.46539403136713,1,0.35708458366796436,0
106.77107981284158,85.09854734516665,117.72610665140826,65.35670754715659,0,0.2545310727957901,0
102.7781661166879,115.82095310051706,117.5349819415822,112.93185302749596,0,0.2854111779503055,0
120.90832881303288,97.09253829686229,100.48753347349836,96.65885534974518,0,0.3178154777974814,0
105.89634066731763,89.9155282451566,105.62651205219777,119.76035682186715,0,0.27601433864284847,0
179.12020829814372,116.70187770329012,94.76044872349435,44.68257059239838,1,0.4125342535322057,0
135.39120544416448,92.59087652867326,116.6531404872311,92.99384151601072,1,0.3066389804093731,0
185.45574948367528,116.20876131872885,82.52148218531356,50.62398597867209,1,0.4545918551101743,0
177.28706437752717,106.98163125335864,85.25965279609186,59.66557195525343,1,0.44261642715133903,0
167.78917062823209,93.63011176900896,90.35125073712383,76.79063373333094,1,0.38246150724196376,0
101.01545864677296,106.04738958192227,100.7231371989391,105.34654524561529,0,0.2897801950467216,0
119.70220873451869,86.28405797632094,104.3067350845123,118.15368242711824,1,0.2971028843487645,0
97.55252314524768,101.40105018373046,134.37786318419214,93.11971600828412,0,0.22792913626475328,0
173.14277554200407,109.04244777062091,94.52276250218591,52.460946731410715,1,0.4150333980837836,0
183.9080538645188,101.70657942227021,79.9578851837272,52.87741226414014,1,0.44448937773426367,0
141.6350811459149,96.81236166396096,99.36305557321937,89.55954698431141,1,0.3529662060114361,0
198.70871427067073,118.90738643947472,62.62033493014404,31.69814890912307,1,0.5132581324262849,1
95.44053344311548,114.76857237452091,100.32822665707776,16.81499712324178,0,0.26220752296218236,0
184.97898098716408,119.51303675430724,82.53878317589424,45.13617028633008,1,0.4604475326252981,0
179.71869968824677,123.13756654367674,77.55078957463574,37.31972303187348,1,0.4381069707965309,0
188.70522395299216,111.45112065349277,76.06925905268847,38.37174197289485,1,0.4579248432061622,0
170.1554962979696,114.02505862298632,72.20417333274636,31.09849912178955,1,0.4412478774307509,0
211.10248906985578,119.38755527412994,67.58458955157127,8.88280999781798,1,0.5164217668295746,1
109.35271127907544,114.94571367291576,89.99210604520725,6.073376429076002,0,0.3202754759374404,0
109.98788140894919,78.5073267190082,124.26198734910206,118.57579720937966,0,0.26272680631978895,0
181.53452256098274,107.68629518712753,86.08148466580519,53.62168351336003,1,0.4408364237739311,0
81.29440403581425,82.6221551509234,101.21606509450976,48.58189107052308,0,0.23125266101550143,0
163.13547915694494,109.20282110114428,102.70687254480693,82.83908479239611,1,0.3684953426950592,0
187.97745867311176,122.54486085037476,74.78719794021058,29.317450992347442,1,0.4570541990947792,0
138.8159911348027,90.2303384317726,122.96855716125224,114.19549733822613,1,0.2999093951317844,0
148.1108477872464,85.95757633110739,106.58255630315611,95.21602167220404,1,0.34266585606039773,0
206.13116081206337,129.36171788437264,75.72175711113472,14.371676268222103,1,0.4663624352273942,0
185.3854861849205,103.8312818697873,88.28330950460516,52.43936999105169,1,0.4424745154241405,0
122.83488216969768,82.32021231950112,95.67968979953429,105.9777236772111,1,0.33555149726179184,0
118.7464578862756,84.97675599295665,121.19542919506196,113.5889145858036,1,0.30126080380608233,0
166.61580279326168,104.06748519648983,87.62974737085008,58.21857530498489,1,0.39984051281549693,0
119.83336637777339,88.31159480871216,99.95864178874659,75.1557211484421,0,0.3096942430442742,0
192.06759073568404,111.1471519033203,72.68340989965571,23.375937746680727,1,0.4979262449239025,0
130.63836401018818,92.09587890831521,112.11558315591644,118.97556063188928,1,0.3118102570920886,0
192.20090032997516,126.31608505143521,75.73974747960902,30.873917360479435,1,0.4408616956385485,0
128.35596824712624,73.85977050613633,107.8121068604492,113.35688579967457,1,0.2960500922188955,0
149.30467966609493,107.08957540849782,105.29278598256819,79.35901128311474,1,0.3774658403796824,0
143.3539500906555,96.38974901401824,93.34955613237865,74.49746820594765,1,0.3708537997062654,0
169.26723613553554,112.19687852966138,86.41318560332067,63.471867277914995,1,0.41581411449367045,0
179.07054506392512,117.98673774161259,67.62279761295926,30.75769815926001,1,0.4642244958234575,0
199.0532178707838,121.02245955632738,73.10017089233335,24.47725171263896,1,0.487556592910047,0
184.40647947922054,117.61316635949883,74.86559981643997,29.576400252140342,1,0.45397329816165244,0
214.54250931990185,128.87484002635935,74.46460656641209,25.626838408733523,1,0.5157859178048109,1
148.5977359992783,85.91095931217103,96.09047796542981,94.43179893374338,1,0.37833956123628393,0
183.66725527738794,117.5244335973923,69.24005788735013,44.614530063340695,1,0.48341251431211235,0
90.02701207808327,97.67164834448424,126.06285524773905,10.709750481353979,0,0.24560440892734023,0
116.21621793332902,91.35841615265758,123.74978286895535,116.41590509633411,1,0.27830809599694767,0
135.58186614956293,106.32820640435492,101.63680752715953,106.51916265575738,1,0.34196483586559484,0
128.5824294275458,84.44014834193536,122.28491870814403,111.6192648506447,1,0.3030835225608412,0
90.49062787228601,117.24201583352207,115.7280542532852,119.40930742698649,0,0.2691079512251151,0
210.0356205763037,120.19292221156235,71.02932375164693,24.171848909460525,1,0.4768767526707365,0
184.22320832831474,119.89731471220303,80.11735979583759,49.964074192708416,1,0.4483186008169864,0
145.68006998453802,95.46280333682245,92.45471948895921,91.9556631816746,1,0.39921956698862865,0
136.14557409830704,95.50797264162274,105.75252913799882,84.7383916942399,1,0.37305221438309977,0
194.10969202491162,130.94803350131772,64.58622115700575,21.851925135423187,1,0.4960544102564427,0
136.82112644880783,89.57032548977561,99.7498144151713,98.63664249891166,1,0.38165341806462855,0
84.92634579666995,107.65297373032246,100.925702731421,30.03510633305264,0,0.2655957548261979,0
185.9893341030884,115.1460055729991,60.552085728034044,29.962843319424277,1,0.4990280581688865,0
106.80824913160085,83.74217817897504,117.20925002753505,66.28903305563597,0,0.29230544861422697,0
95.13233263193464,109.41063421995068,107.16315232285793,72.78103244163756,0,0.26797768855871695,0
165.40861313881814,104.0441555861308,94.72757438641092,71.2900001091861,1,0.392315641214207,0
208.3992339418203,133.74770204383583,70.09052605742977,14.612473138139565,1,0.5092641285866274,1
130.14777818652067,80.8232280252353,106.37241307607479,105.78546006512413,1,0.31478255318821635,0
183.37664820291388,113.84355389366597,93.66698994479137,34.8096049402899,1,0.3997961254008366,0
204.76673509081314,120.84607510411931,67.12396207017491,19.023730868805284,1,0.5118340373465995,1
78.10750767165945,87.45613734441588,120.84929460241283,107.09477726480135,0,0.2316766829116265,0
94.73719423270519,104.34513125410109,107.10058427501447,114.85557379465139,0,0.28539231722085295,0
136.00107500229896,95.83382535069825,108.53713270026063,104.00680360279227,1,0.33592616105677986,0
137.17137371933046,90.17240288227437,109.17733326386677,97.90386466808586,1,0.32936795226184323,0
94.27138548433555,89.24914084975586,114.06534532329586,80.00806975412652,0,0.262632499035413,0
100.56830553106013,95.69632216922534,124.74256316433632,67.89945499066016,0,0.2769948704460464,0
97.59754219633763,114.96005826769698,128.5170772183485,14.090464149723577,0,0.2542770617175652,0
192.28435732855397,109.93661840785457,86.67635443725615,51.38057271620105,1,0.4742642406849556,0
185.09253501841303,111.28243280068452,85.75734222998311,47.23186797342842,1,0.4231853850994638,0
180.8732816837027,116.04514645140449,75.68941677455578,34.13143891619784,1,0.45168093786139674,0
150.62434599211122,97.2535412506167,104.09213716450114,87.91673318787585,1,0.3585636882904631,0
156.3535803642119,107.45912030836718,82.53464599787404,61.52158526913741,1,0.3974870358478665,0
217.49372756002396,121.948423354266,77.04762850531844,13.40136104528716,1,0.4770914089707581,0
88.94269142911475,86.98392449931156,103.3498859718327,29.541251426178114,0,0.27460602894359937,0
149.86923000299234,90.59187937638646,88.74542975844565,83.25801658451313,1,0.4012593650787584,0
219.91372342960852,120.14151685288266,58.35523602608368,12.831179700874822,1,0.5508187937390487,1
124.08602309327837,110.93224460844345,99.76071534617786,102.74000202965716,1,0.34663439701391385,0
157.62555690774522,99.6951865899675,92.90441348251868,61.43699713362102,1,0.4115903608969635,0
165.54116958098933,98.11820116332251,78.39142532961118,59.748042969891166,1,0.4341516057824943,0
167.70761162440118,107.8715985823195,91.01251021160779,72.71930302050404,1,0.4343753176699347,0
84.63223673710758,91.55852791737732,119.33463371891311,99.6629920473173,0,0.26786479634474586,0
160.38786511790346,111.72338208644753,79.86202801164156,44.345868116654394,1,0.4314104615662927,0
147.51583438535187,114.02707183921615,99.69340472104582,82.64987369685137,1,0.3552707846012926,0
166.39316987969423,93.07610811110928,84.45079710633492,69.62490782351176,1,0.4134058298470448,0
102.71116459716175,100.44947786816603,137.53828316553282,34.97527933965287,0,0.24223163731886985,0
97.15028784703233,113.46714665314903,105.38192831885496,105.92107841719833,0,0.29638131523978234,0
107.9743483412274,98.17120049372055,110.48665355998888,96.50141850640367,0,0.30261963377489753,0
162.24752852373152,107.73078223225919,98.50514463801487,80.38041282037736,1,0.3958995136990809,0
119.48583258999324,87.91157320555091,107.7774761475598,102.66748057493206,1,0.3123760178962015,0
129.72006103908836,95.55518908625608,108.11233515080531,104.60612731133708,1,0.31909680710330174,0
149.71497003694708,107.41799780547991,94.24024384151205,86.17010529894404,1,0.3887073232833614,0
111.78560590342379,89.22312646250471,116.25062907587937,101.09354609018595,0,0.3122688884655742,0
145.1659718264422,96.43564444912721,98.93085118127617,84.90668955363691,1,0.38245270099676565,0
99.06699193348618,101.03375739646258,98.51310240586173,82.89632952419485,0,0.30979211223780573,0
89.02764223625536,117.81103677552889,109.82054107535947,75.75891987296139,0,0.2851352126700708,0
138.6380708774239,92.7691968146958,104.56652715637786,91.31513018868638,1,0.34162831206474825,0
97.05006590737591,98.95527903556892,93.59670546019528,22.39819221399655,0,0.3001885972638624,0
123.65747433673283,88.86710616778558,116.76236692523604,106.1810080670757,1,0.2907815645018972,0
132.86033275734434,98.40706872859708,117.07364039665374,105.13384921844691,1,0.3154218173484948,0
217.41440931308085,136.14874217480974,54.67225984961679,7.392684832008861,1,0.5129520229932484,1
134.09732050521083,91.37525577295935,115.24259466971085,99.79474306551246,1,0.33878838741905026,0
205.5729563122062,130.58355489726787,67.67984349968657,18.948904626919642,1,0.47917563279700043,0
176.56998356600604,116.42595940614495,82.58008766554376,42.87378709406046,1,0.4220985522109416,0
143.14131165424286,96.60893266135307,97.88663159460609,90.2469577298265,1,0.39577702493970507,0
206.00827273871064,127.85275362166834,76.84171493048905,22.648147941603753,1,0.46290046395017254,0
138.85230468957147,93.42419878848621,108.16457158093748,98.88417479781121,1,0.3430436902130843,0
131.53477930757347,106.70684149852258,100.37606099857004,100.52756464309806,1,0.35464813720233845,0
169.4051836374455,96.3562754138417,80.65728717852744,62.866257116257,1,0.41557477882522154,0
221.76624405913236,124.61601828667362,51.95073179981376,4.740761119152696,1,0.5499323316883394,1
100.23278398577119,93.70146701956126,104.76460996461847,37.296423448289886,0,0.29826706299732125,0
115.14695720558117,92.16872479785101,97.68626191310531,75.5635225315861,0,0.3501906513546121,0
71.18377116647851,111.0831150492605,120.28275412429348,117.81759665118112,0,0.205628938621221,0
95.8059857305584,103.43959573526887,82.33539113171028,77.29036913393354,0,0.33290135952774613,0
201.13029588629306,107.2429366771656,67.54724853692728,34.13721540344254,1,0.48882454022244065,0
99.23095665594374,94.96588789101165,102.60951871263643,77.54466155955491,0,0.29569150967063607,0
158.79255194138025,110.29534734535403,98.60899649429312,66.63830404703924,1,0.3631975770291827,0
138.97322223505049,80.98371469526941,99.90271355666857,94.46206583753266,1,0.3568222209510495,0
104.4003447512597,87.56626352531399,102.8898169293438,16.409754103927177,0,0.2759675504150497,0
156.9801286981651,84.2642934263997,94.76509676466694,92.27923669023525,1,0.3948291304997043,0
85.7952127152355,103.20278166509301,131.09406690738044,66.78692312642879,0,0.18859764041873284,0
90.98349732251387,98.72797063186762,106.69239928529146,115.70707244764338,0,0.2430400268486163,0
96.07366335835663,108.7481601589392,92.40817081008997,43.65717126048759,0,0.32394174141234994,0
112.57813044565063,97.23352270543414,117.39074612751654,77.38413960353799,0,0.27828276009842523,0
123.40517077331486,78.95764040502205,107.91621931692497,112.11526023916203,1,0.30080876608484036,0
209.2970190509024,130.20128857310686,66.3967856800708,15.891128446918794,1,0.5108131347617411,1
123.4050296654163,77.69392003771549,107.80483422445357,112.71850451942834,1,0.3204176229093572,0
149.42395197305513,100.88776761321122,88.46989185984484,83.79474378689434,1,0.40670750193368,0
205.87442738691306,119.85101324388413,59.43790663559445,11.86909885619994,1,0.5032880758169862,1
108.24401128900858,101.7949103004708,101.20130763105838,38.91177376583069,0,0.35169908745390754,0
102.50390114031967,107.11828418738206,120.75790069148626,86.14796228285266,0,0.2591780736324904,0
224.19557309786333,129.22039462952515,66.4539756365715,11.812669770377518,1,0.528962231905308,1
160.53740189589442,112.53436849722384,90.67326475499473,71.5317733804477,1,0.401124005839693,0
185.0334174325279,112.87831112484622,86.75424876804577,44.12243460654298,1,0.4097198223522728,0
162.18661532341207,103.63533101785814,95.29013502656409,76.02620006102734,1,0.40217934925143806,0
91.27747733307035,98.67489294866107,106.04329881304513,9.306075922251491,0,0.2772894447333459,0
146.03822600364046,91.86207811073122,95.75361426835038,105.09826951367565,1,0.3584182787492185,0
124.18136335090072,89.22963217684283,86.13369509993655,116.92472042457804,1,0.35070942663160015,0
136.0633291817627,85.66564436289178,115.33185550088916,116.38983121314021,1,0.3215814060222603,0
138.33605896732539,83.26389193053531,91.71646281161507,90.95961248217927,1,0.37694543248457135,0
218.6361588345015,125.16154482863377,67.26242318128722,19.09000385515331,1,0.4611513942330373,0
